Name,Type,Tris,Faces,Edges,Verts,Datablock name,Users,Collection 1,Collection 2,Collection 3
F,MESH,30562,15678,31097,15443,F,1,Body
Gib Base,MESH,30562,15678,31097,15443,F.004,1,Body
Child,MESH,30562,15678,31097,15443,F.022,1,Body
F.001,MESH,30562,15678,31097,15443,F.028,1,Body
Petite,MESH,30562,15678,31097,15443,Petite.001,1,Body
PainHigh02,MESH,30562,15678,31097,15443,PainHigh02,1,Expressions
PainHigh,MESH,30562,15678,31097,15443,PainHigh,1,Expressions
PainMed,MESH,30562,15678,31097,15443,PainMed,1,Expressions
PainLow,MESH,30562,15678,31097,15443,PainLow,1,Expressions
Worried,MESH,30562,15678,31097,15443,Worried,1,Expressions
Happy,MESH,30562,15678,31097,15443,Happy,1,Expressions
Goofy,MESH,30562,15678,31097,15443,Goofy,1,Expressions
Confused,MESH,30562,15678,31097,15443,Confused,1,Expressions
Awkward,MESH,30562,15678,31097,15443,Awkward,1,Expressions
Cocky,MESH,30562,15678,31097,15443,Cocky,1,Expressions
Angry,MESH,30562,15678,31097,15443,Angry,1,Expressions
V-WQ,MESH,30562,15678,31097,15443,WQ,1,Visemes
V-Oh,MESH,30562,15678,31097,15443,Oh,1,Visemes
V-FV,MESH,30562,15678,31097,15443,FV,1,Visemes
V-ThV,MESH,30562,15678,31097,15443,ThV,1,Visemes
V-Ah,MESH,30562,15678,31097,15443,Ah,1,Visemes
V-Ai,MESH,30562,15678,31097,15443,Ai,1,Visemes
V-W,MESH,30562,15678,31097,15443,W,1,Visemes
V-Th,MESH,30562,15678,31097,15443,Th,1,Visemes
V-S,MESH,30562,15678,31097,15443,S,1,Visemes
V-MBP,MESH,30562,15678,31097,15443,MBP,1,Visemes
V-NR,MESH,30562,15678,31097,15443,NR,1,Visemes
V-Ay,MESH,30562,15678,31097,15443,Ay,1,Visemes
V-Sh,MESH,30562,15678,31097,15443,Sh,1,Visemes
V-LKG,MESH,30562,15678,31097,15443,LKG,1,Visemes
V-J,MESH,30562,15678,31097,15443,J,1,Visemes
V-H,MESH,30562,15678,31097,15443,H,1,Visemes
TeethUp,MESH,30562,15678,31097,15443,Teeth Up,1,Teeth
TeethDown,MESH,30562,15678,31097,15443,Teeth Down,1,Teeth
TeethUpperCaninesLong,MESH,30562,15678,31097,15443,Teeth Upper Canines Long,1,Teeth
TeethUnderbite,MESH,30562,15678,31097,15443,Teeth Underbite,1,Teeth
TeethSmall,MESH,30562,15678,31097,15443,Teeth Small,1,Teeth
TeethOverbite,MESH,30562,15678,31097,15443,Teeth Overbite,1,Teeth
TeethMissing,MESH,30562,15678,31097,15443,Teeth Missing,1,Teeth
TeethFrontGap,MESH,30562,15678,31097,15443,Teeth Front Gap,1,Teeth
TeethForward,MESH,30562,15678,31097,15443,Teeth Forward,1,Teeth
TeethCrooked,MESH,30562,15678,31097,15443,Teeth Crooked,1,Teeth
TeethChipped,MESH,30562,15678,31097,15443,Teeth Chipped,1,Teeth
TeethBuck,MESH,30562,15678,31097,15443,Teeth Buck,1,Teeth
TeethBig,MESH,30562,15678,31097,15443,Teeth Big,1,Teeth
TeethBack,MESH,30562,15678,31097,15443,Teeth Back,1,Teeth
TeethLowerCaninesLong,MESH,30562,15678,31097,15443,Teeth Lower Canines Long,1,Teeth
MidsectionWide,MESH,30562,15678,31097,15443,MidsectionWide,1,Body Shape Keys
MidsectionNarrow,MESH,30562,15678,31097,15443,MidsectionNarrow,1,Body Shape Keys
WristThin,MESH,30562,15678,31097,15443,WristThin,1,Body Shape Keys
WristThick,MESH,30562,15678,31097,15443,WristThick,1,Body Shape Keys
TrapeziusLarge,MESH,30562,15678,31097,15443,TrapsBig,1,Body Shape Keys
DeltoidsLarge,MESH,30562,15678,31097,15443,DeltsBig,1,Body Shape Keys
ForearmsLarge,MESH,30562,15678,31097,15443,ForearmBig,1,Body Shape Keys
TricepsLarge,MESH,30562,15678,31097,15443,TricepBig,1,Body Shape Keys
BicepsLarge,MESH,30562,15678,31097,15443,BicepBig,1,Body Shape Keys
ThighsThick,MESH,30562,15678,31097,15443,ThighsThick,1,Body Shape Keys
BreastsRound,MESH,30562,15678,31097,15443,BreastsRound,1,Body Shape Keys
BreastsCone,MESH,30562,15678,31097,15443,BreastsCone,1,Body Shape Keys
WaistWide,MESH,30562,15678,31097,15443,WaistWide,1,Body Shape Keys
WaistThin,MESH,30562,15678,31097,15443,WaistThin,1,Body Shape Keys
LoveHandlesIn,MESH,30562,15678,31097,15443,LoveHandlesIn,1,Body Shape Keys
FingersThin,MESH,30562,15678,31097,15443,FingersThin,1,Body Shape Keys
ButtWide,MESH,30562,15678,31097,15443,ButtWide,1,Body Shape Keys
ButtNarrow,MESH,30562,15678,31097,15443,ButtNarrow,1,Body Shape Keys
ButtUp,MESH,30562,15678,31097,15443,ButtUp,1,Body Shape Keys
ButtOut,MESH,30562,15678,31097,15443,ButtOut,1,Body Shape Keys
ButtIn,MESH,30562,15678,31097,15443,ButtIn,1,Body Shape Keys
BreastsWide,MESH,30562,15678,31097,15443,BreastsWide,1,Body Shape Keys
BreastsNarrow,MESH,30562,15678,31097,15443,BreastsNarrow,1,Body Shape Keys
BreastsUp,MESH,30562,15678,31097,15443,BreastsUp,1,Body Shape Keys
BreastsDown,MESH,30562,15678,31097,15443,BreastsDown,1,Body Shape Keys
BreastsAngleUp,MESH,30562,15678,31097,15443,BreastsAngleUp,1,Body Shape Keys
BreastsAngleDown,MESH,30562,15678,31097,15443,BreastsAngleDown,1,Body Shape Keys
BreastsSmall,MESH,30562,15678,31097,15443,BreastsSmall,1,Body Shape Keys
BreastsLarge,MESH,30562,15678,31097,15443,BreastsBig,1,Body Shape Keys
BicepsSmall,MESH,30562,15678,31097,15443,BicepsSmall,1,Body Shape Keys
CalvesThin,MESH,30562,15678,31097,15443,CalvesThin,1,Body Shape Keys
DeltoidsSmall,MESH,30562,15678,31097,15443,DeltoidsSmall,1,Body Shape Keys
Obese,MESH,30562,15678,31097,15443,Fat,1,Body Shape Keys
FeetShort,MESH,30562,15678,31097,15443,FeetShort,1,Body Shape Keys
FeetSmall,MESH,30562,15678,31097,15443,FeetSmall,1,Body Shape Keys
ForearmSmall,MESH,30562,15678,31097,15443,ForearmSmall,1,Body Shape Keys
ForearmsSmall,MESH,30562,15678,31097,15443,ForearmsSmall,1,Body Shape Keys
HandsSmall,MESH,30562,15678,31097,15443,HandsSmall,1,Body Shape Keys
Muscular,MESH,30562,15678,31097,15443,Muscular,1,Body Shape Keys
NeckObese,MESH,30562,15678,31097,15443,NeckObese,1,Body Shape Keys
NeckThick,MESH,30562,15678,31097,15443,NeckThick,1,Body Shape Keys
NeckThin,MESH,30562,15678,31097,15443,NeckThin,1,Body Shape Keys
Skinny,MESH,30562,15678,31097,15443,Skinny,1,Body Shape Keys
Tall,MESH,30562,15678,31097,15443,Tall,1,Body Shape Keys
ThighsThin,MESH,30562,15678,31097,15443,ThighsThin,1,Body Shape Keys
TrapeziusSmall,MESH,30562,15678,31097,15443,TrapsSmall,1,Body Shape Keys
TricepsSmall,MESH,30562,15678,31097,15443,TricepsSmall,1,Body Shape Keys
ButtCrack,MESH,30562,15678,31097,15443,F.001,1,Body Shape Keys
Vulva,MESH,30562,15678,31097,15443,F.003,1,Body Shape Keys
Masc,MESH,30562,15678,31097,15443,M_Default.001,1,Body Shape Keys
F_Child,MESH,30562,15678,31097,15443,F_Child,1,Body Shape Keys
F_Old,MESH,30562,15678,31097,15443,F_Old,1,Body Shape Keys
LoveHandlesOut.027,MESH,30562,15678,31097,15443,LoveHandlesOut.027,1,Body Shape Keys
NipplesLarge,MESH,30562,15678,31097,15443,NipplesLarge,1,Body Shape Keys
NipplesSmall,MESH,30562,15678,31097,15443,NipplesSmall,1,Body Shape Keys
PhiltrumOut,MESH,30562,15678,31097,15443,PhiltrumOut,1,Face
PhiltrumIn,MESH,30562,15678,31097,15443,PhiltrumIn,1,Face
HeadNarrow,MESH,30562,15678,31097,15443,HeadNarrow,1,Face
HeadWide,MESH,30562,15678,31097,15443,HeadWide,1,Face
SkullSquare,MESH,30562,15678,31097,15443,SkullSquare,1,Face
SkullRound,MESH,30562,15678,31097,15443,SkullRound,1,Face
ChinRound,MESH,30562,15678,31097,15443,ChinRound,1,Face
ChinSquare,MESH,30562,15678,31097,15443,ChinSquare,1,Face
MouthBig,MESH,30562,15678,31097,15443,MouthBig,1,Face
MouthSmall,MESH,30562,15678,31097,15443,MouthSmall,1,Face
MouthBackward,MESH,30562,15678,31097,15443,MouthBackward,1,Face
MouthForward,MESH,30562,15678,31097,15443,MouthForward,1,Face
CheekmidBulge,MESH,30562,15678,31097,15443,CheekmidBulge,1,Face
CheekmidRecess,MESH,30562,15678,31097,15443,CheekmidRecess,1,Face
CheekMidForward,MESH,30562,15678,31097,15443,CheekMidForward,1,Face
CheekMidBackward,MESH,30562,15678,31097,15443,CheekMidBackward,1,Face
NoseRootWide,MESH,30562,15678,31097,15443,NoseRootWide,1,Face
NoseRootNarrow,MESH,30562,15678,31097,15443,NoseRootNarrow,1,Face
NoseRootForward,MESH,30562,15678,31097,15443,NoseRootForward,1,Face
NoseRootBack,MESH,30562,15678,31097,15443,NoseRootBack,1,Face
NoseRidgeForward,MESH,30562,15678,31097,15443,NoseRidgeForward,1,Face
NoseRidgeBackward,MESH,30562,15678,31097,15443,NoseRidgeBackward,1,Face
NoseRidgeWide,MESH,30562,15678,31097,15443,NoseRidgeWide,1,Face
NoseRidgeNarrow,MESH,30562,15678,31097,15443,NoseRidgeNarrow,1,Face
NoseLowerRidgeWide,MESH,30562,15678,31097,15443,NoseLowerRidgeWide,1,Face
NoseLowerRidgeNarrow,MESH,30562,15678,31097,15443,NoseLowerRidgeNarrow,1,Face
EyelidsOutward,MESH,30562,15678,31097,15443,EyelidsOutward,1,Face
EyelidsInward,MESH,30562,15678,31097,15443,EyelidsInward,1,Face
UpperLipRidgesUp,MESH,30562,15678,31097,15443,UpperLipRidgesUp,1,Face
UpperLipRidgesDown,MESH,30562,15678,31097,15443,UpperLipRidgesDown,1,Face
UpperLipWide,MESH,30562,15678,31097,15443,UpperLipWide,1,Face
UpperLipNarrow,MESH,30562,15678,31097,15443,UpperLipNarrow,1,Face
UpperLipSmall,MESH,30562,15678,31097,15443,UpperLipSmall,1,Face
UpperLipBig,MESH,30562,15678,31097,15443,UpperLipBig,1,Face
SeptumWide,MESH,30562,15678,31097,15443,SeptumWide,1,Face
SeptumNarrow,MESH,30562,15678,31097,15443,SeptumNarrow,1,Face
SeptumUp,MESH,30562,15678,31097,15443,SeptumUp,1,Face
SeptumDown,MESH,30562,15678,31097,15443,SeptumDown,1,Face
PhiltrumWide,MESH,30562,15678,31097,15443,PhiltrumWide,1,Face
PhiltrumNarrow,MESH,30562,15678,31097,15443,PhiltrumNarrow,1,Face
Philtrum,MESH,30562,15678,31097,15443,Philtrum,1,Face
NoseTipLong,MESH,30562,15678,31097,15443,NoseTipLong,1,Face
NoseTipPointed,MESH,30562,15678,31097,15443,NoseTipPointed,1,Face
NoseTipBig,MESH,30562,15678,31097,15443,NoseTipBig,1,Face
NoseTipSmall,MESH,30562,15678,31097,15443,NoseTipSmall,1,Face
NoseTipBackward,MESH,30562,15678,31097,15443,NoseTipBackward,1,Face
NostrilsWide,MESH,30562,15678,31097,15443,NostrilsWide,1,Face
NostrilsNarrow,MESH,30562,15678,31097,15443,NostrilsNarrow,1,Face
NostrilsBig,MESH,30562,15678,31097,15443,NostrilsBig,1,Face
NostrilsSmall,MESH,30562,15678,31097,15443,NostrilsSmall,1,Face
NoseWide,MESH,30562,15678,31097,15443,NoseWide,1,Face
NoseNarrow,MESH,30562,15678,31097,15443,NoseNarrow,1,Face
NoseAngleUp,MESH,30562,15678,31097,15443,NoseAngleUp,1,Face
NoseAngleDown,MESH,30562,15678,31097,15443,NoseAngleDown,1,Face
MidJawUp,MESH,30562,15678,31097,15443,MidJawUp,1,Face
MidJawDown,MESH,30562,15678,31097,15443,MidJawDown,1,Face
LowerLipFlat,MESH,30562,15678,31097,15443,LowerLipFlat,1,Face
LowerLipRound,MESH,30562,15678,31097,15443,LowerLipRound,1,Face
LowerLipWide,MESH,30562,15678,31097,15443,LowerLipWide,1,Face
LowerLipNarrow,MESH,30562,15678,31097,15443,LowerLipNarrow,1,Face
LowerLipSmall,MESH,30562,15678,31097,15443,LowerLipSmall,1,Face
LowerLipBig,MESH,30562,15678,31097,15443,LowerLipBig,1,Face
LipCornersWide,MESH,30562,15678,31097,15443,LipCornersWide,1,Face
LipCornersNarrow,MESH,30562,15678,31097,15443,LipCornersNarrow,1,Face
LipCornersUp,MESH,30562,15678,31097,15443,LipCornersUp,1,Face
LipCornersDown,MESH,30562,15678,31097,15443,LipCornersDown,1,Face
JawRearWide,MESH,30562,15678,31097,15443,JawRearWide,1,Face
JawRearNarrow,MESH,30562,15678,31097,15443,JawRearNarrow,1,Face
JawRearUp,MESH,30562,15678,31097,15443,JawRearUp,1,Face
JawRearDown,MESH,30562,15678,31097,15443,JawRearDown,1,Face
JawMidWide,MESH,30562,15678,31097,15443,JawMidWide,1,Face
JawMidNarrow,MESH,30562,15678,31097,15443,JawMidNarrow,1,Face
EyesWide,MESH,30562,15678,31097,15443,EyesWide,1,Face
EyesNarrow,MESH,30562,15678,31097,15443,EyesNarrow,1,Face
EyesBig,MESH,30562,15678,31097,15443,EyesBig,1,Face
EyesSmall,MESH,30562,15678,31097,15443,EyesSmall,1,Face
EyesAngleOut,MESH,30562,15678,31097,15443,EyesAngleOut,1,Face
EyeAngleIn,MESH,30562,15678,31097,15443,EyeAngleIn,1,Face
EyeAngleIne,MESH,30562,15678,31097,15443,EyeAngleIne,1,Face
EyesSlim,MESH,30562,15678,31097,15443,EyesSlim,1,Face
EyesAlmond,MESH,30562,15678,31097,15443,EyesAlmond,1,Face
EyelidsOpen,MESH,30562,15678,31097,15443,EyelidsOpen,1,Face
EyelidsClose,MESH,30562,15678,31097,15443,EyelidsClose,1,Face
EarsRounded,MESH,30562,15678,31097,15443,EarsRounded,1,Face
EarsPointy,MESH,30562,15678,31097,15443,EarsPointy,1,Face
ChinWide,MESH,30562,15678,31097,15443,ChinWide,1,Face
ChinNarrow,MESH,30562,15678,31097,15443,ChinNarrow,1,Face
ChinUp,MESH,30562,15678,31097,15443,ChinUp,1,Face
ChinDown,MESH,30562,15678,31097,15443,ChinDown,1,Face
CheekBoneWide,MESH,30562,15678,31097,15443,CheekBoneWide,1,Face
CheekBoneNarrow,MESH,30562,15678,31097,15443,CheekBoneNarrow,1,Face
CheekBoneUp,MESH,30562,15678,31097,15443,CheekBoneUp,1,Face
CheekBoneDown,MESH,30562,15678,31097,15443,CheekBoneDown,1,Face
BrowsRidgeBackward,MESH,30562,15678,31097,15443,BrowsRidgeBackward,1,Face
BrowseRidgeForward,MESH,30562,15678,31097,15443,BrowseRidgeForward,1,Face
BrowsOuterUp,MESH,30562,15678,31097,15443,BrowsOuterUp,1,Face
BrowsOuterDown,MESH,30562,15678,31097,15443,BrowsOuterDown,1,Face
BrowsOuterOut,MESH,30562,15678,31097,15443,BrowsOuterOut,1,Face
BrowsOuterIn,MESH,30562,15678,31097,15443,BrowsOuterIn,1,Face
BrowsInnerWide,MESH,30562,15678,31097,15443,BrowsInnerWide,1,Face
BrowsInnerNarrow,MESH,30562,15678,31097,15443,BrowsInnerNarrow,1,Face
BrowsInnerUp,MESH,30562,15678,31097,15443,BrowsInnerUp,1,Face
BrowsInnerDown,MESH,30562,15678,31097,15443,BrowsInnerDown,1,Face
BrowsOut,MESH,30562,15678,31097,15443,BrowsOut,1,Face
BrowsIn,MESH,30562,15678,31097,15443,BrowsIn,1,Face
BrowsRound,MESH,30562,15678,31097,15443,BrowsRound,1,Face
BrowsFlat,MESH,30562,15678,31097,15443,BrowsFlat,1,Face
BrowsUp,MESH,30562,15678,31097,15443,BrowsUp,1,Face
BrowsDown,MESH,30562,15678,31097,15443,BrowsDown,1,Face
LowerLipDown,MESH,30562,15678,31097,15443,LowerLipDown.001,1,Face
MouthOpen,MESH,30562,15678,31097,15443,MouthOpen.001,1,Face
UpperLipUp,MESH,30562,15678,31097,15443,UpperLipUp.001,1,Face
SM_F_Headwear_StrawHat,MESH,1660,900,1790,892,SM_F_Headwear_StrawHat,1,Straw Hat
SM_F_Headwear_StrawHat_SkullSquare,MESH,1660,900,1790,892,SM_F_Headwear_StrawHat_SkullSquare,1,Straw Hat
Peitite,MESH,1660,900,1790,892,SM_F_Headwear_StrawHat.001,1,Straw Hat
StrawHat-ChildishF,MESH,1660,900,1790,892,StrawHat-ChildishF,1,Straw Hat
StrawHat-Tall,MESH,1660,900,1790,892,StrawHat-Tall,1,Straw Hat
SM_F_Headwear_BallCap,MESH,1078,544,1088,547,SM_F_Headwear_BallCap,1,BallCap
SM_F_Headwear_BallCap_SkullSquare,MESH,1078,544,1088,547,SM_F_Headwear_BallCap_SkullSquare,1,BallCap
Petite.001,MESH,1078,544,1088,547,SM_F_Headwear_BallCap.001,1,BallCap
BallCap-ChildishF,MESH,1078,544,1088,547,BallCap-ChildishF,1,BallCap
BallCap-Tall,MESH,1078,544,1088,547,BallCap-Tall,1,BallCap
SM_F_Headwear_BallCapBackward,MESH,1078,544,1088,547,SM_F_Headwear_BallCap.002,1,BallCap
SM_F_Headwear_PoliceCap,MESH,1024,568,1093,530,SM_F_Headwear_PoliceCap,1,Police
SM_F_Headwear_PoliceCap_SkullSquare,MESH,1024,568,1093,530,SM_F_Headwear_PoliceCap_SkullSquare,1,Police
Petite.002,MESH,1024,568,1093,530,SM_F_Headwear_PoliceCap.001,1,Police
Police-ChildishF,MESH,1024,568,1093,530,Police-ChildishF,1,Police
Police-Tall,MESH,1024,568,1093,530,Police-Tall,1,Police
SM_F_Headwear_HardHat,MESH,1698,923,1790,881,SM_F_Headwear_HardHat,1,HardHat
SM_F_Headwear_HardHat_SkullSquare,MESH,1698,923,1790,881,SM_F_Headwear_HardHat_SkullSquare,1,HardHat
Petite.003,MESH,1698,923,1790,881,SM_F_Headwear_HardHat.002,1,HardHat
HardHat-ChildishF,MESH,1698,923,1790,881,HardHat-ChildishF,1,HardHat
HardHat-Tall,MESH,1698,923,1790,881,HardHat-Tall,1,HardHat
SM_F_Headwear_BoonieHat,MESH,1136,590,1190,602,SM_F_Headwear_BoonieHat,1,Boonie
SM_F_Headwear_BoonieHat_SkullSquare,MESH,1136,590,1190,602,SM_F_Headwear_BoonieHat_SkullSquare,1,Boonie
Petite.004,MESH,1136,590,1190,602,SM_F_Headwear_BoonieHat.001,1,Boonie
Boonie-ChildishF,MESH,1136,590,1190,602,Boonie-ChildishF,1,Boonie
Boonie-Tall,MESH,1136,590,1190,602,Boonie-Tall,1,Boonie
SM_F_Headwear_TopHat,MESH,700,368,718,354,SM_F_Headwear_TopHat,1,TopHat
SM_F_Headwear_TopHat_SkullSquare,MESH,700,368,718,354,SM_F_Headwear_TopHat_SkullSquare,1,TopHat
Petite.005,MESH,700,368,718,354,SM_F_Headwear_TopHat.001,1,TopHat
TopHat-ChildishF,MESH,700,368,718,354,TopHat-ChildishF,1,TopHat
TopHat-Tall,MESH,700,368,718,354,TopHat-Tall,1,TopHat
SM_F_Headwear_Beanie,MESH,1064,553,1085,534,SM_F_Headwear_Beanie,1,Beanie
Petite.006,MESH,1064,553,1085,534,SM_F_Headwear_Beanie.001,1,Beanie
Beanie-ChildishF,MESH,1064,553,1085,534,Beanie-ChildishF,1,Beanie
Beanie-Tall,MESH,1064,553,1085,534,Beanie-Tall,1,Beanie
SM_F_Headwear_Beanie_JawRearDown,MESH,1064,553,1085,534,SM_F_Headwear_Beanie_JawRearDown,1,Beanie 1
SM_F_Headwear_Beanie_JawRearNarrow,MESH,1064,553,1085,534,SM_F_Headwear_Beanie_JawRearNarrow,1,Beanie 1
SM_F_Headwear_Beanie_JawRearUp,MESH,1064,553,1085,534,SM_F_Headwear_Beanie_JawRearUp,1,Beanie 1
SM_F_Headwear_Beanie_JawRearWide,MESH,1064,553,1085,534,SM_F_Headwear_Beanie_JawRearWide,1,Beanie 1
SM_F_Headwear_Beanie_SkullSquare,MESH,1064,553,1085,534,SM_F_Headwear_Beanie_SkullSquare,1,Beanie 1
Obese.012,MESH,2622,1416,2755,1349,Obese.012,1,CombatHelmet
Skinny.010,MESH,2622,1416,2755,1349,Skinny.011,1,CombatHelmet
SK_F_Headwear_CombatHelmet,MESH,2622,1416,2755,1349,SK_F_Headwear_CombatHelmet,1,CombatHelmet
CombatHelmet-ChildishF,MESH,2622,1416,2755,1349,CombatHelmet-ChildishF,1,CombatHelmet
CombatHelmet-Tall,MESH,2622,1416,2755,1349,CombatHelmet-Tall,1,CombatHelmet
Petite.016,MESH,2622,1416,2755,1349,SK_F_Headwear_CombatHelmet.001,1,CombatHelmet
Angry.001,MESH,2622,1416,2755,1349,Angry.001,1,CombatHelmet 1
Awkward.001,MESH,2622,1416,2755,1349,Awkward.001,1,CombatHelmet 1
CheekBoneDown.001,MESH,2622,1416,2755,1349,CheekBoneDown.001,1,CombatHelmet 1
CheekBoneNarrow.001,MESH,2622,1416,2755,1349,CheekBoneNarrow.001,1,CombatHelmet 1
CheekBoneUp.001,MESH,2622,1416,2755,1349,CheekBoneUp.001,1,CombatHelmet 1
CheekBoneWide.001,MESH,2622,1416,2755,1349,CheekBoneWide.001,1,CombatHelmet 1
CheekBulge,MESH,2622,1416,2755,1349,CheekBulge,1,CombatHelmet 1
CheekMidBulge,MESH,2622,1416,2755,1349,CheekMidBulge,1,CombatHelmet 1
CheekMidRecess,MESH,2622,1416,2755,1349,CheekMidRecess,1,CombatHelmet 1
ChinNarrow.001,MESH,2622,1416,2755,1349,ChinNarrow.001,1,CombatHelmet 1
ChinRound.001,MESH,2622,1416,2755,1349,ChinRound.001,1,CombatHelmet 1
ChinSquare.001,MESH,2622,1416,2755,1349,ChinSquare.001,1,CombatHelmet 1
ChinWide.001,MESH,2622,1416,2755,1349,ChinWide.001,1,CombatHelmet 1
Cocky.001,MESH,2622,1416,2755,1349,Cocky.001,1,CombatHelmet 1
Confused.001,MESH,2622,1416,2755,1349,Confused.001,1,CombatHelmet 1
Goofy.001,MESH,2622,1416,2755,1349,Goofy.001,1,CombatHelmet 1
Happy.001,MESH,2622,1416,2755,1349,Happy.001,1,CombatHelmet 1
JawMidNarrow.001,MESH,2622,1416,2755,1349,JawMidNarrow.001,1,CombatHelmet 1
JawMidWide.001,MESH,2622,1416,2755,1349,JawMidWide.001,1,CombatHelmet 1
JawRearNarrow.001,MESH,2622,1416,2755,1349,JawRearNarrow.001,1,CombatHelmet 1
JawRearWide.001,MESH,2622,1416,2755,1349,JawRearWide.001,1,CombatHelmet 1
LowerLipDown.001,MESH,2622,1416,2755,1349,LowerLipDown.002,1,CombatHelmet 1
MouthOpen.001,MESH,2622,1416,2755,1349,MouthOpen.002,1,CombatHelmet 1
Muscular.009,MESH,2622,1416,2755,1349,Muscular.009,1,CombatHelmet 1
NeckObese.009,MESH,2622,1416,2755,1349,NeckObese.009,1,CombatHelmet 1
NeckThick.009,MESH,2622,1416,2755,1349,NeckThick.009,1,CombatHelmet 1
PainHigh01,MESH,2622,1416,2755,1349,PainHigh01,1,CombatHelmet 1
PainHigh02.001,MESH,2622,1416,2755,1349,PainHigh02.001,1,CombatHelmet 1
PainLow.001,MESH,2622,1416,2755,1349,PainLow.001,1,CombatHelmet 1
PainMed.001,MESH,2622,1416,2755,1349,PainMed.001,1,CombatHelmet 1
SkullSquare.001,MESH,2622,1416,2755,1349,SkullSquare.001,1,CombatHelmet 1
V-aa,MESH,2622,1416,2755,1349,V-aa,1,CombatHelmet 1
V-CH,MESH,2622,1416,2755,1349,V-CH,1,CombatHelmet 1
V-DD,MESH,2622,1416,2755,1349,V-DD,1,CombatHelmet 1
V-E,MESH,2622,1416,2755,1349,V-E,1,CombatHelmet 1
V-FF,MESH,2622,1416,2755,1349,V-FF,1,CombatHelmet 1
V-kk,MESH,2622,1416,2755,1349,V-kk,1,CombatHelmet 1
V-l,MESH,2622,1416,2755,1349,V-l,1,CombatHelmet 1
V-nn,MESH,2622,1416,2755,1349,V-nn,1,CombatHelmet 1
V-O,MESH,2622,1416,2755,1349,V-O,1,CombatHelmet 1
V-PP,MESH,2622,1416,2755,1349,V-PP,1,CombatHelmet 1
V-RR,MESH,2622,1416,2755,1349,V-RR,1,CombatHelmet 1
V-SS,MESH,2622,1416,2755,1349,V-SS,1,CombatHelmet 1
V-TH,MESH,2622,1416,2755,1349,V-TH,1,CombatHelmet 1
V-U,MESH,2622,1416,2755,1349,V-U,1,CombatHelmet 1
Worried.001,MESH,2622,1416,2755,1349,Worried.001,1,CombatHelmet 1
SM_F_TacticalHelmet,MESH,3781,2169,4157,2006,SM_F_TacticalHelmet,1,TacticalHelmet
SM_F_TacticalHelmet_Fat,MESH,3781,2169,4157,2006,SM_F_TacticalHelmet_Fat,1,TacticalHelmet
SM_F_TacticalHelmet.001,MESH,3781,2169,4157,2006,SM_F_TacticalHelmet.001,1,TacticalHelmet
TacticalHelmet-ChildishF,MESH,3781,2169,4157,2006,TacticalHelmet-ChildishF,1,TacticalHelmet
TacticalHelmet-Tall,MESH,3781,2169,4157,2006,TacticalHelmet-Tall,1,TacticalHelmet
Petite.017,MESH,3781,2169,4157,2006,SM_F_TacticalHelmet.002,1,TacticalHelmet
SM_F_TacticalHelmet_CheekMidBulge,MESH,3781,2169,4157,2006,SM_F_TacticalHelmet_CheekMidBulge,1,TacticalHelmet 1
SM_F_TacticalHelmet_CheekMidRecess,MESH,3781,2169,4157,2006,SM_F_TacticalHelmet_CheekMidRecess,1,TacticalHelmet 1
SM_F_TacticalHelmet_ChinDown,MESH,3781,2169,4157,2006,SM_F_TacticalHelmet_ChinDown,1,TacticalHelmet 1
SM_F_TacticalHelmet_ChinNarrow,MESH,3781,2169,4157,2006,SM_F_TacticalHelmet_ChinNarrow,1,TacticalHelmet 1
SM_F_TacticalHelmet_ChinUnderDown,MESH,3781,2169,4157,2006,SM_F_TacticalHelmet_ChinUnderDown,1,TacticalHelmet 1
SM_F_TacticalHelmet_ChinUnderUp,MESH,3781,2169,4157,2006,SM_F_TacticalHelmet_ChinUnderUp,1,TacticalHelmet 1
SM_F_TacticalHelmet_ChinUp,MESH,3781,2169,4157,2006,SM_F_TacticalHelmet_ChinUp,1,TacticalHelmet 1
SM_F_TacticalHelmet_ChinWide,MESH,3781,2169,4157,2006,SM_F_TacticalHelmet_ChinWide,1,TacticalHelmet 1
SM_F_TacticalHelmet_Cocky,MESH,3781,2169,4157,2006,SM_F_TacticalHelmet_Cocky,1,TacticalHelmet 1
SM_F_TacticalHelmet_Happy,MESH,3781,2169,4157,2006,SM_F_TacticalHelmet_Happy,1,TacticalHelmet 1
SM_F_TacticalHelmet_HeadWide,MESH,3781,2169,4157,2006,SM_F_TacticalHelmet_HeadWide,1,TacticalHelmet 1
SM_F_TacticalHelmet_JawMidDown,MESH,3781,2169,4157,2006,SM_F_TacticalHelmet_JawMidDown,1,TacticalHelmet 1
SM_F_TacticalHelmet_JawMidNarrow,MESH,3781,2169,4157,2006,SM_F_TacticalHelmet_JawMidNarrow,1,TacticalHelmet 1
SM_F_TacticalHelmet_JawMidUp,MESH,3781,2169,4157,2006,SM_F_TacticalHelmet_JawMidUp,1,TacticalHelmet 1
SM_F_TacticalHelmet_JawMidWide,MESH,3781,2169,4157,2006,SM_F_TacticalHelmet_JawMidWide,1,TacticalHelmet 1
SM_F_TacticalHelmet_JawRearNarrow,MESH,3781,2169,4157,2006,SM_F_TacticalHelmet_JawRearNarrow,1,TacticalHelmet 1
SM_F_TacticalHelmet_JawRearWide,MESH,3781,2169,4157,2006,SM_F_TacticalHelmet_JawRearWide,1,TacticalHelmet 1
SM_F_TacticalHelmet_LowerFaceBackward,MESH,3781,2169,4157,2006,SM_F_TacticalHelmet_LowerFaceBackward,1,TacticalHelmet 1
SM_F_TacticalHelmet_LowerFaceForward,MESH,3781,2169,4157,2006,SM_F_TacticalHelmet_LowerFaceForward,1,TacticalHelmet 1
SM_F_TacticalHelmet_MouthOpen,MESH,3781,2169,4157,2006,SM_F_TacticalHelmet_MouthOpen,1,TacticalHelmet 1
SM_F_TacticalHelmet_NeckFat,MESH,3781,2169,4157,2006,SM_F_TacticalHelmet_NeckFat,1,TacticalHelmet 1
SM_F_TacticalHelmet_NeckThick,MESH,3781,2169,4157,2006,SM_F_TacticalHelmet_NeckThick,1,TacticalHelmet 1
SM_F_TacticalHelmet_SkullBig,MESH,3781,2169,4157,2006,SM_F_TacticalHelmet_SkullBig,1,TacticalHelmet 1
SM_F_TacticalHelmet_SkullSquare,MESH,3781,2169,4157,2006,SM_F_TacticalHelmet_SkullSquare,1,TacticalHelmet 1
V-aa.001,MESH,3781,2169,4157,2006,V-aa.001,1,TacticalHelmet 1
V-CH.001,MESH,3781,2169,4157,2006,V-CH.001,1,TacticalHelmet 1
V-DD.001,MESH,3781,2169,4157,2006,V-DD.001,1,TacticalHelmet 1
V-E.001,MESH,3781,2169,4157,2006,V-E.001,1,TacticalHelmet 1
V-FF.001,MESH,3781,2169,4157,2006,V-FF.001,1,TacticalHelmet 1
V-kk.001,MESH,3781,2169,4157,2006,V-kk.001,1,TacticalHelmet 1
V-l.001,MESH,3781,2169,4157,2006,V-l.001,1,TacticalHelmet 1
V-nn.001,MESH,3781,2169,4157,2006,V-nn.001,1,TacticalHelmet 1
V-O.001,MESH,3781,2169,4157,2006,V-O.001,1,TacticalHelmet 1
V-PP.001,MESH,3781,2169,4157,2006,V-PP.001,1,TacticalHelmet 1
V-RR.001,MESH,3781,2169,4157,2006,V-RR.001,1,TacticalHelmet 1
V-SS.001,MESH,3781,2169,4157,2006,V-SS.001,1,TacticalHelmet 1
V-TH.001,MESH,3781,2169,4157,2006,V-TH.001,1,TacticalHelmet 1
V-U.001,MESH,3781,2169,4157,2006,V-U.001,1,TacticalHelmet 1
PainHigh01.001,MESH,3781,2169,4157,2006,PainHigh01.001,1,TacticalHelmet 1
PainHigh02.002,MESH,3781,2169,4157,2006,PainHigh02.002,1,TacticalHelmet 1
PainLow.002,MESH,3781,2169,4157,2006,PainLow.002,1,TacticalHelmet 1
PainMed.002,MESH,3781,2169,4157,2006,PainMed.002,1,TacticalHelmet 1
Trillby-ChildishF,MESH,1068,552,1086,538,Trillby-ChildishF,1,Trillby
Trillby-Tall,MESH,1068,552,1086,538,Trillby-Tall,1,Trillby
Trillby,MESH,1068,552,1086,538,Trillby,1,Trillby
Trillby-SkullSquare,MESH,1068,552,1086,538,Trillby-SkullSquare,1,Trillby
Petite.018,MESH,1068,552,1086,538,Trillby.001,1,Trillby
Newsboy-ChildishF,MESH,778,416,805,391,Newsboy-ChildishF,1,Newsboy
Newsboy-Tall,MESH,778,416,805,391,Newsboy-Tall,1,Newsboy
Newsboy,MESH,778,416,805,391,Newsboy,1,Newsboy
Newsboy-SkullSquare,MESH,778,416,805,391,Newsboy-SkullSquare,1,Newsboy
Petite.019,MESH,778,416,805,391,Newsboy.001,1,Newsboy
Heisenberg-ChildishF,MESH,1070,550,1085,539,Heisenberg-ChildishF,1,Heisenberg
Heisenberg-Tall,MESH,1070,550,1085,539,Heisenberg-Tall,1,Heisenberg
Heisenberg,MESH,1070,550,1085,539,Heisenberg,1,Heisenberg
Heisenberg-SkullSquare,MESH,1070,550,1085,539,Heisenberg-SkullSquare,1,Heisenberg
Petite.020,MESH,1070,550,1085,539,Heisenberg.001,1,Heisenberg
Fedora-ChildishF,MESH,1214,626,1233,611,Fedora-ChildishF,1,Fedora
Fedora-Tall,MESH,1214,626,1233,611,Fedora-Tall,1,Fedora
SK_Headwear_Fedora,MESH,1214,626,1233,611,SK_Headwear_Fedora,1,Fedora
SK_Headwear_Fedora-SkullSquare,MESH,1214,626,1233,611,SK_Headwear_Fedora-SkullSquare,1,Fedora
Petite.021,MESH,1214,626,1233,611,SK_Headwear_Fedora.001,1,Fedora
FirefighterHelmet-ChildishF,MESH,3082,1660,3244,1597,FirefighterHelmet-ChildishF,1,Firefighter
FirefighterHelmet-Tall,MESH,3082,1660,3244,1597,FirefighterHelmet-Tall,1,Firefighter
FirefighterHelmet,MESH,3082,1660,3244,1597,FirefighterHelmet,1,Firefighter
FirefighterHelmet-SkullSquare,MESH,3082,1660,3244,1597,FirefighterHelmet-SkullSquare,1,Firefighter
Petite.022,MESH,3082,1660,3244,1597,FirefighterHelmet.001,1,Firefighter
HatHeadphones-ChildishF,MESH,2550,1364,2750,1415,HatHeadphones-ChildishF,1,HatHeadphones
HatHeadphones-Tall,MESH,2550,1364,2750,1415,HatHeadphones-Tall,1,HatHeadphones
HatHeadphones,MESH,2550,1364,2750,1415,HatHeadphones,1,HatHeadphones
HatHeadphones-SkullSquare,MESH,2550,1364,2750,1415,HatHeadphones-SkullSquare,1,HatHeadphones
Petite.023,MESH,2550,1364,2750,1415,HatHeadphones.001,1,HatHeadphones
ScrubCap-Tall,MESH,1306,746,1412,672,ScrubCap-Tall,1,Scrubcap
ScrubCap-TChildishF,MESH,1306,746,1412,672,ScrubCap-TChildishF,1,Scrubcap
ScrubCap,MESH,1306,746,1412,672,ScrubCap,1,Scrubcap
ScrubCap-SkullSquare,MESH,1306,746,1412,672,ScrubCap-SkullSquare,1,Scrubcap
Petite.024,MESH,1306,746,1412,672,ScrubCap.001,1,Scrubcap
Tall.028,MESH,12128,6064,12128,6066,Tall.025,1,MotorcycleHelmet
SK_Headwear_MotorcycleHelmet,MESH,12128,6064,12128,6066,SK_Headwear_MotorcycleHelmet,1,MotorcycleHelmet
Obese.042,MESH,12128,6064,12128,6066,Obese.039,1,MotorcycleHelmet
ChildishF.017,MESH,12128,6064,12128,6066,ChildishF.015,1,MotorcycleHelmet
Petite.025,MESH,12128,6064,12128,6066,SK_Headwear_MotorcycleHelmet.001,1,MotorcycleHelmet
JawMidWide.011,MESH,12128,6064,12128,6066,JawMidWide.011,1,MotorcycleHelmet 1
JawRearWide.011,MESH,12128,6064,12128,6066,JawRearWide.011,1,MotorcycleHelmet 1
NeckObese.016,MESH,12128,6064,12128,6066,NeckObese.016,1,MotorcycleHelmet 1
NeckThick.016,MESH,12128,6064,12128,6066,NeckThick.016,1,MotorcycleHelmet 1
SkullSquare.005,MESH,12128,6064,12128,6066,SkullSquare.005,1,MotorcycleHelmet 1
Tall.094,MESH,814,414,832,419,Tall.091,1,Cowboy
ChildishF.082,MESH,814,414,832,419,ChildishF.080,1,Cowboy
SkullSquare.025,MESH,814,414,832,419,SkullSquare.025,1,Cowboy
CowboyHat,MESH,814,414,832,419,CowboyHat,1,Cowboy
Petite.026,MESH,814,414,832,419,CowboyHat.001,1,Cowboy
SkullSquare.024,MESH,398,212,418,207,SkullSquare.024,1,BDU
BDU,MESH,398,212,418,207,BDU,1,BDU
Tall.093,MESH,398,212,418,207,Tall.090,1,BDU
ChildishF.081,MESH,398,212,418,207,ChildishF.079,1,BDU
Petite.027,MESH,398,212,418,207,BDU.001,1,BDU
ChildishF.080,MESH,1078,544,1088,547,ChildishF.072,1,BallcapBackward
Tall.092,MESH,1078,544,1088,547,Tall.084,1,BallcapBackward
SkullSquare.023,MESH,1078,544,1088,547,SkullSquare.023,1,BallcapBackward
BallcapBackwards,MESH,1078,544,1088,547,BallcapBackwards,1,BallcapBackward
Petite.028,MESH,1078,544,1088,547,BallcapBackwards.001,1,BallcapBackward
JawMidNarrow.002,MESH,3677,1895,4490,2658,JawMidNarrow.002,1,*Dreadlocks01
JawMidWide.002,MESH,3677,1895,4490,2658,JawMidWide.002,1,*Dreadlocks01
JawRearNarrow.002,MESH,3677,1895,4490,2658,JawRearNarrow.002,1,*Dreadlocks01
JawRearWide.002,MESH,3677,1895,4490,2658,JawRearWide.002,1,*Dreadlocks01
JawWide,MESH,3677,1895,4490,2658,JawWide,1,*Dreadlocks01
SK_F_Hair_Dreadlocks,MESH,3677,1895,4490,2658,SK_F_Hair_Dreadlocks,1,*Dreadlocks01
SkullSquare.002,MESH,3677,1895,4490,2658,SkullSquare.002,1,*Dreadlocks01
Dreadlocks-ChildishF,MESH,3677,1895,4490,2658,Dreadlocks-ChildishF,1,*Dreadlocks01
Dreadlocks-Tall,MESH,3677,1895,4490,2658,Dreadlocks-Tall,1,*Dreadlocks01
Petite.049,MESH,3677,1895,4490,2658,SK_F_Hair_Dreadlocks.001,1,*Dreadlocks01
SM_F_Hair_Bob,MESH,1638,819,2150,1383,SM_F_Hair_Bob,1,*Bob
SM_F_Hair_Bob_SkullSquare,MESH,1638,819,2150,1383,SM_F_Hair_Bob_SkullSquare,1,*Bob
JawMidWide.004,MESH,1638,819,2150,1383,JawMidWide.004,1,*Bob
JawRearWide.004,MESH,1638,819,2150,1383,JawRearWide.004,1,*Bob
Bob-ChildishF,MESH,756,756,1134,380,Bob-ChildishF,1,*Bob
Bob-Tall,MESH,756,756,1134,380,Bob-Tall,1,*Bob
Petite.048,MESH,1638,819,2150,1383,SM_F_Hair_Bob.001,1,*Bob
SM_F_Hair_Karen,MESH,756,756,1134,380,SM_F_Hair_Karen,1,*Medium Side Part
SM_F_Hair_Karen_SkullSquare,MESH,756,756,1134,380,SM_F_Hair_Karen_SkullSquare,1,*Medium Side Part
JawMidWide.005,MESH,756,756,1134,380,JawMidWide.005,1,*Medium Side Part
JawRearWide.005,MESH,756,756,1134,380,JawRearWide.005,1,*Medium Side Part
Petite.047,MESH,756,756,1134,380,SM_F_Hair_Karen.001,1,*Medium Side Part
SM_F_Hair_Ponytail,MESH,1109,574,1146,573,SM_F_Hair_Ponytail,1,*PonyTail
SM_F_Hair_Ponytail_SkullSquare,MESH,1109,574,1146,573,SM_F_Hair_Ponytail_SkullSquare,1,*PonyTail
Ponytail-ChildishF,MESH,1109,574,1146,573,Ponytail-ChildishF,1,*PonyTail
Ponytail-Tall,MESH,1109,574,1146,573,Ponytail-Tall,1,*PonyTail
Petite.046,MESH,1109,574,1146,573,SM_F_Hair_Ponytail.001,1,*PonyTail
SM_F_Hair_Short,MESH,3849,1931,4973,3152,SM_F_Hair_Short,1,*Short
SM_F_Hair_Short_SkullSquare,MESH,3849,1931,4973,3152,SM_F_Hair_Short_SkullSquare,1,*Short
Short-ChildishF,MESH,4514,2259,6463,4612,Short-ChildishF,1,*Short
Short-Tall,MESH,4514,2259,6463,4612,Short-Tall,1,*Short
Petite.045,MESH,3849,1931,4973,3152,SM_F_Hair_Short.001,1,*Short
ChildishF,MESH,4735,2381,5848,3557,ChildishF,1,BraidCrown
SkullSquare.006,MESH,4735,2381,5848,3557,SkullSquare.006,1,BraidCrown
BraidCrown,MESH,4735,2381,5848,3557,BraidCrown,1,BraidCrown
Tall.044,MESH,4735,2381,5848,3557,Tall.041,1,BraidCrown
Petite.044,MESH,4735,2381,5848,3557,BraidCrown.001,1,BraidCrown
ChildishF.001,MESH,4572,2288,5780,3580,ChildishF.001,1,Braids
Tall.045,MESH,4572,2288,5780,3580,Tall.042,1,Braids
SkullSquare.007,MESH,4572,2288,5780,3580,SkullSquare.007,1,Braids
Braids,MESH,4572,2288,5780,3580,Braids,1,Braids
Petite.043,MESH,4572,2288,5780,3580,Braids.001,1,Braids
BigPart-ChildishF,MESH,3804,3804,5731,1928,BigPart-ChildishF,1,BigPart
BigPart-Tall,MESH,3804,3804,5731,1928,BigPart-Tall,1,BigPart
SkullSquare.008,MESH,3804,3804,5731,1928,SkullSquare.008,1,BigPart
BigPart,MESH,3804,3804,5731,1928,BigPart,1,BigPart
Petite.042,MESH,3804,3804,5731,1928,BigPart.001,1,BigPart
BobBangs-ChildishF,MESH,1638,819,2150,1383,BobBangs-ChildishF,1,BobBangs
BobBangs-Tall,MESH,1638,819,2150,1383,BobBangs-Tall,1,BobBangs
SkullSquare.009,MESH,1638,819,2150,1383,SkullSquare.009,1,BobBangs
BobBangs,MESH,1638,819,2150,1383,BobBangs,1,BobBangs
Petite.041,MESH,1638,819,2150,1383,BobBangs.001,1,BobBangs
Bouffant-ChildishF,MESH,5600,2800,6894,4202,Bouffant-ChildishF,1,Bouffant
Bouffant-Tall,MESH,5600,2800,6894,4202,Bouffant-Tall,1,Bouffant
SkullSquare.010,MESH,5600,2800,6894,4202,SkullSquare.010,1,Bouffant
Bouffant,MESH,5600,2800,6894,4202,Bouffant,1,Bouffant
Petite.040,MESH,5600,2800,6894,4202,Bouffant.001,1,Bouffant
FauxHawk-ChildishF,MESH,4420,2210,5955,3989,FauxHawk-ChildishF,1,FauxHawk
FauxHawk-Tall,MESH,4420,2210,5955,3989,FauxHawk-Tall,1,FauxHawk
SkullSquare.011,MESH,4420,2210,5955,3989,SkullSquare.011,1,FauxHawk
FauxHawk,MESH,4420,2210,5955,3989,FauxHawk,1,FauxHawk
Petite.039,MESH,4420,2210,5955,3989,FauxHawk.001,1,FauxHawk
Long-ChildishF,MESH,4445,2228,5789,3673,Long-ChildishF,1,Long
Long-Tall,MESH,4445,2228,5789,3673,Long-Tall,1,Long
SkullSquare.012,MESH,4445,2228,5789,3673,SkullSquare.012,1,Long
Long,MESH,4445,2228,5789,3673,Long,1,Long
Long.001,MESH,4445,2228,5789,3673,Long.001,1,Long
LongWavy-ChildishF,MESH,4000,2067,5312,3364,LongWavy-ChildishF,1,LongWavy
LongWavy-Tall,MESH,4000,2067,5312,3364,LongWavy-Tall,1,LongWavy
SkullSquare.013,MESH,4000,2067,5312,3364,SkullSquare.013,1,LongWavy
LongWavy,MESH,4000,2067,5312,3364,LongWavy,1,LongWavy
Petite.038,MESH,4000,2067,5312,3364,LongWavy.001,1,LongWavy
MediumBangs-ChildishF,MESH,3990,1997,5210,3321,MediumBangs-ChildishF,1,MediumBangs
MediumBangs-Tall,MESH,3990,1997,5210,3321,MediumBangs-Tall,1,MediumBangs
SkullSquare.014,MESH,3990,1997,5210,3321,SkullSquare.014,1,MediumBangs
MediumBangs,MESH,3990,1997,5210,3321,MediumBangs,1,MediumBangs
JawMidWide.006,MESH,3990,1997,5210,3321,JawMidWide.006,1,MediumBangs
JawRearWide.006,MESH,3990,1997,5210,3321,JawRearWide.006,1,MediumBangs
SM_F_Hair_Medium,MESH,3990,1997,5210,3321,SM_F_Hair_Medium,1,MediumBangs
SM_F_Hair_Medium_SquareSkull,MESH,3990,1997,5210,3321,SM_F_Hair_Medium_SquareSkull,1,MediumBangs
Petite.037,MESH,3990,1997,5210,3321,MediumBangs.001,1,MediumBangs
MediumMessy-ChildishF,MESH,4666,2334,5992,3772,MediumMessy-ChildishF,1,MediumMessy
MediumMessy-Tall,MESH,4666,2334,5992,3772,MediumMessy-Tall,1,MediumMessy
SkullSquare.015,MESH,4666,2334,5992,3772,SkullSquare.015,1,MediumMessy
MediumMessy,MESH,4666,2334,5992,3772,MediumMessy,1,MediumMessy
Petite.036,MESH,4666,2334,5992,3772,MediumMessy.001,1,MediumMessy
MediumSwept-ChildishF,MESH,4627,2325,6068,3833,MediumSwept-ChildishF,1,MediumSwept
MediumSwept-Tall,MESH,4627,2325,6068,3833,MediumSwept-Tall,1,MediumSwept
MediumSwept,MESH,4627,2325,6068,3833,MediumSwept,1,MediumSwept
SkullSquare.016,MESH,4627,2325,6068,3833,SkullSquare.016,1,MediumSwept
Petite.035,MESH,4627,2325,6068,3833,MediumSwept.001,1,MediumSwept
MediumSweptBack-Tall,MESH,3849,1931,4973,3152,MediumSweptBack-Tall,1,MediumSweptBack
SkullSquare.017,MESH,3849,1931,4973,3152,SkullSquare.017,1,MediumSweptBack
MediumSweptBack,MESH,3849,1931,4973,3152,MediumSweptBack,1,MediumSweptBack
ChildishF.083,MESH,3849,1931,4973,3152,ChildishF.081,1,MediumSweptBack
Petite.034,MESH,3849,1931,4973,3152,MediumSweptBack.001,1,MediumSweptBack
MediumWavy-ChildishF,MESH,3676,1839,4746,2966,MediumWavy-ChildishF,1,MediumWavy
MediumWavy-Tall,MESH,3676,1839,4746,2966,MediumWavy-Tall,1,MediumWavy
SkullSquare.018,MESH,3676,1839,4746,2966,SkullSquare.018,1,MediumWavy
MediumWavy,MESH,3676,1839,4746,2966,MediumWavy,1,MediumWavy
JawMidWide.007,MESH,3676,1839,4746,2966,JawMidWide.007,1,MediumWavy
JawRearWide.007,MESH,3676,1839,4746,2966,JawRearWide.007,1,MediumWavy
SM_F_Hair_Medium02,MESH,3676,1839,4746,2966,SM_F_Hair_Medium02,1,MediumWavy
SM_F_Hair_Medium_SkullSquare,MESH,3676,1839,4746,2966,SM_F_Hair_Medium_SkullSquare,1,MediumWavy
Petite.033,MESH,3676,1839,4746,2966,MediumWavy.001,1,MediumWavy
MiddlePart-ChildishF,MESH,4753,2394,6105,3865,MiddlePart-ChildishF,1,MiddlePart
MiddlePart-Tall,MESH,4753,2394,6105,3865,MiddlePart-Tall,1,MiddlePart
SkullSquare.019,MESH,4753,2394,6105,3865,SkullSquare.019,1,MiddlePart
MiddlePart,MESH,4753,2394,6105,3865,MiddlePart,1,MiddlePart
Petite.032,MESH,4753,2394,6105,3865,MiddlePart.001,1,MiddlePart
Receding-ChildishF,MESH,1402,784,1485,703,Receding-ChildishF,1,Receding
Receding-Tall,MESH,1402,784,1485,703,Receding-Tall,1,Receding
SkullSquare.020,MESH,1402,784,1485,703,SkullSquare.020,1,Receding
Receding,MESH,1402,784,1485,703,Receding,1,Receding
Petite.031,MESH,1402,784,1485,703,Receding.001,1,Receding
Short02-ChildishF,MESH,828,477,891,416,Short02-ChildishF,1,Short02
Short02-Tall,MESH,828,477,891,416,Short02-Tall,1,Short02
SkullSquare.021,MESH,828,477,891,416,SkullSquare.021,1,Short02
Short02,MESH,828,477,891,416,Short02,1,Short02
Petite.030,MESH,828,477,891,416,Short02.001,1,Short02
ShortSwept-ChildishF,MESH,6912,3458,9511,6541,ShortSwept-ChildishF,1,ShortSwept
ShortSwept-Tall,MESH,6912,3458,9511,6541,ShortSwept-Tall,1,ShortSwept
SkullSquare.022,MESH,6912,3458,9511,6541,SkullSquare.022,1,ShortSwept
ShortSwept,MESH,6912,3458,9511,6541,ShortSwept,1,ShortSwept
Petite.029,MESH,6912,3458,9511,6541,ShortSwept.001,1,ShortSwept
GogglesA,MESH,1010,558,1078,519,GogglesA,1,*GogglesA
Obese.013,MESH,1010,558,1078,519,Obese.013,1,*GogglesA
Skinny.011,MESH,1010,558,1078,519,Skinny.012,1,*GogglesA
GogglesA-ChildishF,MESH,1010,558,1078,519,GogglesA-ChildishF,1,*GogglesA
GogglesA-Tall,MESH,1010,558,1078,519,GogglesA-Tall,1,*GogglesA
GogglesA-Muscular,MESH,1010,558,1078,519,GogglesA-Muscular,1,*GogglesA
Petite.050,MESH,1010,558,1078,519,GogglesA.001,1,*GogglesA
Angry.002,MESH,1010,558,1078,519,Angry.002,1,*GogglesA 1
Awkward.002,MESH,1010,558,1078,519,Awkward.002,1,*GogglesA 1
CheekBoneUp.002,MESH,1010,558,1078,519,CheekBoneUp.002,1,*GogglesA 1
Cocky.002,MESH,1010,558,1078,519,Cocky.002,1,*GogglesA 1
Confused.002,MESH,1010,558,1078,519,Confused.002,1,*GogglesA 1
Goofy.002,MESH,1010,558,1078,519,Goofy.002,1,*GogglesA 1
Happy.002,MESH,1010,558,1078,519,Happy.002,1,*GogglesA 1
PainHigh01.002,MESH,1010,558,1078,519,PainHigh01.002,1,*GogglesA 1
PainHigh02.003,MESH,1010,558,1078,519,PainHigh02.003,1,*GogglesA 1
PainLow.003,MESH,1010,558,1078,519,PainLow.003,1,*GogglesA 1
PainMed.003,MESH,1010,558,1078,519,PainMed.003,1,*GogglesA 1
Worried.002,MESH,1010,558,1078,519,Worried.002,1,*GogglesA 1
SM_F_Eyewear_TacticalGoggles,MESH,1010,558,1078,519,SM_F_Eyewear_TacticalGoggles,1,*SM_F_Eyewear_TacticalGoggles
Obese.014,MESH,2138,1082,2249,1170,Obese.014,1,*SM_F_Eyewear_TacticalGoggles
Skinny.012,MESH,2138,1082,2249,1170,Skinny.013,1,*SM_F_Eyewear_TacticalGoggles
TacticalGoggles-ChildishF,MESH,2138,1082,2249,1170,TacticalGoggles-ChildishF,1,*SM_F_Eyewear_TacticalGoggles
TacticalGoggles-Tall,MESH,2138,1082,2249,1170,TacticalGoggles-Tall,1,*SM_F_Eyewear_TacticalGoggles
TacticalGoggles-Muscular,MESH,2138,1082,2249,1170,TacticalGoggles-Muscular,1,*SM_F_Eyewear_TacticalGoggles
Petite.051,MESH,1010,558,1078,519,SM_F_Eyewear_TacticalGoggles.001,1,*SM_F_Eyewear_TacticalGoggles
Angry.003,MESH,2138,1082,2249,1170,Angry.003,1,*SM_F_Eyewear_TacticalGoggles 1
Awkward.003,MESH,2138,1082,2249,1170,Awkward.003,1,*SM_F_Eyewear_TacticalGoggles 1
CheekBonesUp,MESH,2138,1082,2249,1170,CheekBonesUp,1,*SM_F_Eyewear_TacticalGoggles 1
Cocky.003,MESH,2138,1082,2249,1170,Cocky.003,1,*SM_F_Eyewear_TacticalGoggles 1
Confused.003,MESH,2138,1082,2249,1170,Confused.003,1,*SM_F_Eyewear_TacticalGoggles 1
Goofy.003,MESH,2138,1082,2249,1170,Goofy.003,1,*SM_F_Eyewear_TacticalGoggles 1
Happy.003,MESH,2138,1082,2249,1170,Happy.003,1,*SM_F_Eyewear_TacticalGoggles 1
PainHigh01.003,MESH,2138,1082,2249,1170,PainHigh01.003,1,*SM_F_Eyewear_TacticalGoggles 1
PainHigh02.004,MESH,2138,1082,2249,1170,PainHigh02.004,1,*SM_F_Eyewear_TacticalGoggles 1
PainLow.004,MESH,2138,1082,2249,1170,PainLow.004,1,*SM_F_Eyewear_TacticalGoggles 1
PainMed.004,MESH,2138,1082,2249,1170,PainMed.004,1,*SM_F_Eyewear_TacticalGoggles 1
Worried.003,MESH,2138,1082,2249,1170,Worried.003,1,*SM_F_Eyewear_TacticalGoggles 1
Skinny.013,MESH,1290,786,1431,651,Skinny.014,1,*Wraparounds
Obese.015,MESH,1290,786,1431,651,Obese.015,1,*Wraparounds
Wraparounds-ChildishF,MESH,1290,786,1431,651,Wraparounds-ChildishF,1,*Wraparounds
Wraparounds-Tall,MESH,1290,786,1431,651,Wraparounds-Tall,1,*Wraparounds
Wraparounds-Muscular,MESH,1290,786,1431,651,Wraparounds-Muscular,1,*Wraparounds
SM_F_Eyewear_Wraparounds,MESH,1290,786,1431,651,SM_F_Eyewear_Wraparounds,1,*Wraparounds
Petite.052,MESH,1290,786,1431,651,SM_F_Eyewear_Wraparounds.001,1,*Wraparounds
Angry.004,MESH,1290,786,1431,651,Angry.004,1,*Wraparounds 1
Awkward.004,MESH,1290,786,1431,651,Awkward.004,1,*Wraparounds 1
CheekBonesUp.001,MESH,1290,786,1431,651,CheekBonesUp.001,1,*Wraparounds 1
Cocky.004,MESH,1290,786,1431,651,Cocky.004,1,*Wraparounds 1
Confused.004,MESH,1290,786,1431,651,Confused.004,1,*Wraparounds 1
Goofy.004,MESH,1290,786,1431,651,Goofy.004,1,*Wraparounds 1
Happy.004,MESH,1290,786,1431,651,Happy.004,1,*Wraparounds 1
PainHigh01.004,MESH,1290,786,1431,651,PainHigh01.004,1,*Wraparounds 1
PainHigh02.005,MESH,1290,786,1431,651,PainHigh02.005,1,*Wraparounds 1
PainLow.005,MESH,1290,786,1431,651,PainLow.005,1,*Wraparounds 1
PainMed.005,MESH,1290,786,1431,651,PainMed.005,1,*Wraparounds 1
Worried.004,MESH,1290,786,1431,651,Worried.004,1,*Wraparounds 1
SM_F_Eyewear_Aviators,MESH,1336,684,1424,756,SM_F_Eyewear_Aviators,1,Pilot
Skinny.014,MESH,1336,684,1424,756,Skinny.015,1,Pilot
Obese.016,MESH,1336,684,1424,756,Obese.016,1,Pilot
Pilot-ChildishF,MESH,1336,684,1424,756,Pilot-ChildishF,1,Pilot
Pilot-Tall,MESH,1336,684,1424,756,Pilot-Tall,1,Pilot
Pilot-Muscular,MESH,1336,684,1424,756,Pilot-Muscular,1,Pilot
Petite.053,MESH,1336,684,1424,756,SM_F_Eyewear_Aviators.001,1,Pilot
Angry.005,MESH,1336,684,1424,756,Angry.005,1,Pilot 1
Awkward.005,MESH,1336,684,1424,756,Awkward.005,1,Pilot 1
CheekBoneUp.003,MESH,1336,684,1424,756,CheekBoneUp.003,1,Pilot 1
Cocky.005,MESH,1336,684,1424,756,Cocky.005,1,Pilot 1
Confused.005,MESH,1336,684,1424,756,Confused.005,1,Pilot 1
Goofy.005,MESH,1336,684,1424,756,Goofy.005,1,Pilot 1
Happy.005,MESH,1336,684,1424,756,Happy.005,1,Pilot 1
PainHigh01.005,MESH,1336,684,1424,756,PainHigh01.005,1,Pilot 1
PainHigh02.006,MESH,1336,684,1424,756,PainHigh02.006,1,Pilot 1
PainLow.006,MESH,1336,684,1424,756,PainLow.006,1,Pilot 1
PainMed.006,MESH,1336,684,1424,756,PainMed.006,1,Pilot 1
Worried.005,MESH,1336,684,1424,756,Worried.005,1,Pilot 1
SM_F_Eyewear_Vintage,MESH,596,338,684,350,SM_F_Eyewear_Vintage,1,Musician
Obese.017,MESH,596,338,684,350,Obese.017,1,Musician
Skinny.015,MESH,596,338,684,350,Skinny.016,1,Musician
Musician-ChildishF,MESH,596,338,684,350,Musician-ChildishF,1,Musician
Musician-Tall,MESH,596,338,684,350,Musician-Tall,1,Musician
Musician-Muscular,MESH,596,338,684,350,Musician-Muscular,1,Musician
Petite.054,MESH,596,338,684,350,SM_F_Eyewear_Vintage.001,1,Musician
Angry.006,MESH,596,338,684,350,Angry.006,1,Musician 1
Awkward.006,MESH,596,338,684,350,Awkward.006,1,Musician 1
CheekBoneUp.004,MESH,596,338,684,350,CheekBoneUp.004,1,Musician 1
Cocky.006,MESH,596,338,684,350,Cocky.006,1,Musician 1
Confused.006,MESH,596,338,684,350,Confused.006,1,Musician 1
Goofy.006,MESH,596,338,684,350,Goofy.006,1,Musician 1
Happy.006,MESH,596,338,684,350,Happy.006,1,Musician 1
PainHigh01.006,MESH,596,338,684,350,PainHigh01.006,1,Musician 1
PainHigh02.007,MESH,596,338,684,350,PainHigh02.007,1,Musician 1
PainLow.007,MESH,596,338,684,350,PainLow.007,1,Musician 1
PainMed.007,MESH,596,338,684,350,PainMed.007,1,Musician 1
Worried.006,MESH,596,338,684,350,Worried.006,1,Musician 1
SM_F_Eyewear_Eyeglasses,MESH,1204,618,1228,620,SM_F_Eyewear_Eyeglasses,1,*ReadingGlasses
Obese.018,MESH,1204,618,1228,620,Obese.018,1,*ReadingGlasses
Skinny.016,MESH,1204,618,1228,620,Skinny.017,1,*ReadingGlasses
Doctor-ChildishF,MESH,1204,618,1228,620,Doctor-ChildishF,1,*ReadingGlasses
Doctor-Tall,MESH,1204,618,1228,620,Doctor-Tall,1,*ReadingGlasses
Doctor-Muscular,MESH,1204,618,1228,620,Doctor-Muscular,1,*ReadingGlasses
Petite.055,MESH,1204,618,1228,620,SM_F_Eyewear_Eyeglasses.001,1,*ReadingGlasses
Angry.007,MESH,1204,618,1228,620,Angry.007,1,*ReadingGlasses 1
Awkward.007,MESH,1204,618,1228,620,Awkward.007,1,*ReadingGlasses 1
CheekBoneUp.005,MESH,1204,618,1228,620,CheekBoneUp.005,1,*ReadingGlasses 1
Cocky.007,MESH,1204,618,1228,620,Cocky.007,1,*ReadingGlasses 1
Confused.007,MESH,1204,618,1228,620,Confused.007,1,*ReadingGlasses 1
Goofy.007,MESH,1204,618,1228,620,Goofy.007,1,*ReadingGlasses 1
Happy.007,MESH,1204,618,1228,620,Happy.007,1,*ReadingGlasses 1
PainHigh01.007,MESH,1204,618,1228,620,PainHigh01.007,1,*ReadingGlasses 1
PainHigh02.008,MESH,1204,618,1228,620,PainHigh02.008,1,*ReadingGlasses 1
PainLow.008,MESH,1204,618,1228,620,PainLow.008,1,*ReadingGlasses 1
PainMed.008,MESH,1204,618,1228,620,PainMed.008,1,*ReadingGlasses 1
Worried.007,MESH,1204,618,1228,620,Worried.007,1,*ReadingGlasses 1
Obese.019,MESH,1284,642,1348,712,Obese.019,1,*Classic
Skinny.017,MESH,1284,642,1348,712,Skinny.018,1,*Classic
Classic-ChildishF,MESH,1284,642,1348,712,Classic-ChildishF,1,*Classic
Classic-Tall,MESH,1284,642,1348,712,Classic-Tall,1,*Classic
Classic,MESH,1284,642,1348,712,Classic,1,*Classic
Classic-Muscular,MESH,1284,642,1348,712,Classic-Muscular,1,*Classic
Petite.056,MESH,1284,642,1348,712,Classic.001,1,*Classic
Angry.008,MESH,1284,642,1348,712,Angry.008,1,Classic 1
Awkward.008,MESH,1284,642,1348,712,Awkward.008,1,Classic 1
CheekBoneUp.006,MESH,1284,642,1348,712,CheekBoneUp.006,1,Classic 1
Cocky.008,MESH,1284,642,1348,712,Cocky.008,1,Classic 1
Confused.008,MESH,1284,642,1348,712,Confused.008,1,Classic 1
Goofy.008,MESH,1284,642,1348,712,Goofy.008,1,Classic 1
Happy.008,MESH,1284,642,1348,712,Happy.008,1,Classic 1
PainHigh01.008,MESH,1284,642,1348,712,PainHigh01.008,1,Classic 1
PainHigh02.009,MESH,1284,642,1348,712,PainHigh02.009,1,Classic 1
PainLow.009,MESH,1284,642,1348,712,PainLow.009,1,Classic 1
PainMed.009,MESH,1284,642,1348,712,PainMed.009,1,Classic 1
Worried.008,MESH,1284,642,1348,712,Worried.008,1,Classic 1
Fasionista-ChildishF,MESH,1284,642,1348,712,Fasionista-ChildishF,1,Fashionista
Fasionista-Tall,MESH,1284,642,1348,712,Fasionista-Tall,1,Fashionista
Fashionista,MESH,1284,642,1348,712,Fashionista,1,Fashionista
Fashionista-Muscular,MESH,1284,642,1348,712,Fashionista-Muscular,1,Fashionista
Fashionista-Muscular.001,MESH,1284,642,1348,712,Fashionista-Muscular.001,1,Fashionista
Fashionista-Skinny,MESH,1284,642,1348,712,Fashionista-Skinny,1,Fashionista
Fashionista-Obese,MESH,1284,642,1348,712,Fashionista-Obese,1,Fashionista
Petite.057,MESH,1284,642,1348,712,Fashionista.001,1,Fashionista
Worried.014,MESH,1284,642,1348,712,Worried.014,1,Fashionista 1
Happy.014,MESH,1284,642,1348,712,Happy.014,1,Fashionista 1
Goofy.014,MESH,1284,642,1348,712,Goofy.014,1,Fashionista 1
Confused.014,MESH,1284,642,1348,712,Confused.014,1,Fashionista 1
Cocky.014,MESH,1284,642,1348,712,Cocky.014,1,Fashionista 1
Awkward.014,MESH,1284,642,1348,712,Awkward.014,1,Fashionista 1
Angry.014,MESH,1284,642,1348,712,Angry.014,1,Fashionista 1
Cruiser-ChildishF,MESH,1448,744,1552,824,Cruiser-ChildishF,1,Cruiser
Cruiser-Tall,MESH,1448,744,1552,824,Cruiser-Tall,1,Cruiser
Cruiser-Muscular,MESH,1448,744,1552,824,Cruiser-Muscular,1,Cruiser
Cruiser-Obese,MESH,1448,744,1552,824,Cruiser-Obese,1,Cruiser
Cruiser-Skinny,MESH,1448,744,1552,824,Cruiser-Skinny,1,Cruiser
Cruiser,MESH,1448,744,1552,824,Cruiser,1,Cruiser
Petite.058,MESH,1448,744,1552,824,Cruiser.001,1,Cruiser
Worried.015,MESH,1448,744,1552,824,Worried.015,1,Cruiser 1
Happy.015,MESH,1448,744,1552,824,Happy.015,1,Cruiser 1
Goofy.015,MESH,1448,744,1552,824,Goofy.015,1,Cruiser 1
Confused.015,MESH,1448,744,1552,824,Confused.015,1,Cruiser 1
Cocky.015,MESH,1448,744,1552,824,Cocky.015,1,Cruiser 1
Awkward.015,MESH,1448,744,1552,824,Awkward.015,1,Cruiser 1
Angry.015,MESH,1448,744,1552,824,Angry.015,1,Cruiser 1
CheekBoneUp.010,MESH,1448,744,1552,824,CheekBoneUp.010,1,Cruiser 1
SM_F_Eyewear_Artist,MESH,1284,642,1348,712,SM_F_Eyewear_Frames,1,Artist
Artist-Tall,MESH,1284,642,1348,712,Artist-Tall,1,Artist
Artist-ChildishF,MESH,1284,642,1348,712,Artist-ChildishF,1,Artist
Artist-Muscular,MESH,1284,642,1348,712,Artist-Muscular,1,Artist
Artist-Obese,MESH,1284,642,1348,712,Artist-Obese,1,Artist
Artist-Skinny,MESH,1284,642,1348,712,Artist-Skinny,1,Artist
Petite.059,MESH,1284,642,1348,712,SM_F_Eyewear_Frames.001,1,Artist
Worried.016,MESH,1284,642,1348,712,Worried.016,1,Artist 1
Happy.016,MESH,1284,642,1348,712,Happy.016,1,Artist 1
Goofy.016,MESH,1284,642,1348,712,Goofy.016,1,Artist 1
Confused.016,MESH,1284,642,1348,712,Confused.016,1,Artist 1
Cocky.016,MESH,1284,642,1348,712,Cocky.016,1,Artist 1
Awkward.016,MESH,1284,642,1348,712,Awkward.016,1,Artist 1
Angry.016,MESH,1284,642,1348,712,Angry.016,1,Artist 1
CheekBoneUp.011,MESH,1284,642,1348,712,CheekBoneUp.011,1,Artist 1
SK_F_Facewear_MedicalMask,MESH,926,506,969,461,SK_F_Facewear_MedicalMask,1,*MedicalMask
Muscular.010,MESH,926,506,969,461,Muscular.010,1,*MedicalMask
Skinny.018,MESH,926,506,969,461,Skinny.019,1,*MedicalMask
Medical-Tall,MESH,926,506,969,461,Medical-Tall,1,*MedicalMask
Medical-ChildishF,MESH,926,506,969,461,Medical-ChildishF,1,*MedicalMask
Medical-Old,MESH,926,506,969,461,Medical-Old,1,*MedicalMask
Medical-Obese,MESH,926,506,969,461,Medical-Obese,1,*MedicalMask
Petite.064,MESH,926,506,969,461,SK_F_Facewear_MedicalMask.001,1,*MedicalMask
Angry.009,MESH,926,506,969,461,Angry.009,1,*MedicalMask 1
Awkward.009,MESH,926,506,969,461,Awkward.009,1,*MedicalMask 1
CheekBoneDown.002,MESH,926,506,969,461,CheekBoneDown.002,1,*MedicalMask 1
CheekBoneNarrow.002,MESH,926,506,969,461,CheekBoneNarrow.002,1,*MedicalMask 1
CheekBoneUp.007,MESH,926,506,969,461,CheekBoneUp.007,1,*MedicalMask 1
CheekBoneWide.002,MESH,926,506,969,461,CheekBoneWide.002,1,*MedicalMask 1
CheekMidBulge.001,MESH,926,506,969,461,CheekMidBulge.001,1,*MedicalMask 1
CheeksBulge,MESH,926,506,969,461,CheeksBulge,1,*MedicalMask 1
Cocky.009,MESH,926,506,969,461,Cocky.009,1,*MedicalMask 1
Confused.009,MESH,926,506,969,461,Confused.009,1,*MedicalMask 1
Goofy.009,MESH,926,506,969,461,Goofy.009,1,*MedicalMask 1
Happy.009,MESH,926,506,969,461,Happy.009,1,*MedicalMask 1
JawMidNarrow.003,MESH,926,506,969,461,JawMidNarrow.003,1,*MedicalMask 1
JawMidWide.008,MESH,926,506,969,461,JawMidWide.008,1,*MedicalMask 1
JawRearNarrow.003,MESH,926,506,969,461,JawRearNarrow.003,1,*MedicalMask 1
JawRearWide.008,MESH,926,506,969,461,JawRearWide.008,1,*MedicalMask 1
MouthOpen.002,MESH,926,506,969,461,MouthOpen.003,1,*MedicalMask 1
NeckObese.010,MESH,926,506,969,461,NeckObese.010,1,*MedicalMask 1
NeckThick.010,MESH,926,506,969,461,NeckThick.010,1,*MedicalMask 1
PainHigh01.009,MESH,926,506,969,461,PainHigh01.009,1,*MedicalMask 1
PainHigh02.010,MESH,926,506,969,461,PainHigh02.010,1,*MedicalMask 1
PainLow.010,MESH,926,506,969,461,PainLow.010,1,*MedicalMask 1
PainMed.010,MESH,926,506,969,461,PainMed.010,1,*MedicalMask 1
SkullSquare.003,MESH,926,506,969,461,SkullSquare.003,1,*MedicalMask 1
V-aa.002,MESH,926,506,969,461,V-aa.002,1,*MedicalMask 1
V-CH.002,MESH,926,506,969,461,V-CH.002,1,*MedicalMask 1
V-DD.002,MESH,926,506,969,461,V-DD.002,1,*MedicalMask 1
V-E.002,MESH,926,506,969,461,V-E.002,1,*MedicalMask 1
V-FF.002,MESH,926,506,969,461,V-FF.002,1,*MedicalMask 1
V-kk.002,MESH,926,506,969,461,V-kk.002,1,*MedicalMask 1
V-l.002,MESH,926,506,969,461,V-l.002,1,*MedicalMask 1
V-nn.002,MESH,926,506,969,461,V-nn.002,1,*MedicalMask 1
V-O.002,MESH,926,506,969,461,V-O.002,1,*MedicalMask 1
V-PP.002,MESH,926,506,969,461,V-PP.002,1,*MedicalMask 1
V-RR.002,MESH,926,506,969,461,V-RR.002,1,*MedicalMask 1
V-SS.002,MESH,926,506,969,461,V-SS.002,1,*MedicalMask 1
V-TH.002,MESH,926,506,969,461,V-TH.002,1,*MedicalMask 1
V-U.002,MESH,926,506,969,461,V-U.002,1,*MedicalMask 1
VisemeU,MESH,926,506,969,461,VisemeU,1,*MedicalMask 1
Worried.009,MESH,926,506,969,461,Worried.009,1,*MedicalMask 1
SK_F_Facewear_SkiMask,MESH,760,549,929,382,SK_F_Facewear_SkiMask,1,*SkiMask
Muscular.011,MESH,760,549,929,382,Muscular.011,1,*SkiMask
Skinny.019,MESH,760,549,929,382,Skinny.020,1,*SkiMask
SkiMask-ChildishF,MESH,760,549,929,382,SkiMask-ChildishF,1,*SkiMask
SkiMask-Tall,MESH,760,549,929,382,SkiMask-Tall,1,*SkiMask
SkiMask-Old,MESH,760,549,929,382,SkiMask-Old,1,*SkiMask
SkiMask--Obese,MESH,760,549,929,382,SkiMask--Obese,1,*SkiMask
Petite.063,MESH,760,549,929,382,SK_F_Facewear_SkiMask.001,1,*SkiMask
Angry.010,MESH,760,549,929,382,Angry.010,1,*SkiMask 1
Awkward.010,MESH,760,549,929,382,Awkward.010,1,*SkiMask 1
CheecMidBulge,MESH,760,549,929,382,CheecMidBulge,1,*SkiMask 1
CheekBulge.001,MESH,760,549,929,382,CheekBulge.001,1,*SkiMask 1
CheekMidBulge.002,MESH,760,549,929,382,CheekMidBulge.002,1,*SkiMask 1
CheekMidRecess.001,MESH,760,549,929,382,CheekMidRecess.001,1,*SkiMask 1
ChinNarrow.002,MESH,760,549,929,382,ChinNarrow.002,1,*SkiMask 1
ChinSquare.002,MESH,760,549,929,382,ChinSquare.002,1,*SkiMask 1
ChinWide.002,MESH,760,549,929,382,ChinWide.002,1,*SkiMask 1
Cocky.010,MESH,760,549,929,382,Cocky.010,1,*SkiMask 1
Confused.010,MESH,760,549,929,382,Confused.010,1,*SkiMask 1
Goofy.010,MESH,760,549,929,382,Goofy.010,1,*SkiMask 1
Happy.010,MESH,760,549,929,382,Happy.010,1,*SkiMask 1
JawWide.001,MESH,760,549,929,382,JawWide.001,1,*SkiMask 1
MouthOpen.003,MESH,760,549,929,382,MouthOpen.004,1,*SkiMask 1
NeckObese.011,MESH,760,549,929,382,NeckObese.011,1,*SkiMask 1
NeckThick.011,MESH,760,549,929,382,NeckThick.011,1,*SkiMask 1
PainHigh01.010,MESH,760,549,929,382,PainHigh01.010,1,*SkiMask 1
PainHigh02.011,MESH,760,549,929,382,PainHigh02.011,1,*SkiMask 1
PainLow.011,MESH,760,549,929,382,PainLow.011,1,*SkiMask 1
PainMed.011,MESH,760,549,929,382,PainMed.011,1,*SkiMask 1
SkullSquare.004,MESH,760,549,929,382,SkullSquare.004,1,*SkiMask 1
SquareRound,MESH,760,549,929,382,SquareRound,1,*SkiMask 1
V-aa.003,MESH,760,549,929,382,V-aa.003,1,*SkiMask 1
V-CH.003,MESH,760,549,929,382,V-CH.003,1,*SkiMask 1
V-DD.003,MESH,760,549,929,382,V-DD.003,1,*SkiMask 1
V-E.003,MESH,760,549,929,382,V-E.003,1,*SkiMask 1
V-FF.003,MESH,760,549,929,382,V-FF.003,1,*SkiMask 1
V-kk.003,MESH,760,549,929,382,V-kk.003,1,*SkiMask 1
V-l.003,MESH,760,549,929,382,V-l.003,1,*SkiMask 1
V-nn.003,MESH,760,549,929,382,V-nn.003,1,*SkiMask 1
V-O.003,MESH,760,549,929,382,V-O.003,1,*SkiMask 1
V-PP.003,MESH,760,549,929,382,V-PP.003,1,*SkiMask 1
V-RR.003,MESH,760,549,929,382,V-RR.003,1,*SkiMask 1
V-SS.003,MESH,760,549,929,382,V-SS.003,1,*SkiMask 1
V-TH.003,MESH,760,549,929,382,V-TH.003,1,*SkiMask 1
V-U.003,MESH,760,549,929,382,V-U.003,1,*SkiMask 1
Worried.010,MESH,760,549,929,382,Worried.010,1,*SkiMask 1
SK_F_Facewear_GasMask_Single,MESH,2278,1204,2385,1193,SK_F_Facewear_GasMask_Single,1,*SK_F_Facewear_GasMask_Single
Muscular.012,MESH,2278,1204,2385,1193,Muscular.012,1,*SK_F_Facewear_GasMask_Single
Skinny.020,MESH,2278,1204,2385,1193,Skinny.021,1,*SK_F_Facewear_GasMask_Single
GasMaskSingle-ChildishF,MESH,2278,1204,2385,1193,GasMaskSingle-ChildishF,1,*SK_F_Facewear_GasMask_Single
GasMaskSingle-Tall,MESH,2278,1204,2385,1193,GasMaskSingle-Tall,1,*SK_F_Facewear_GasMask_Single
GasMaskSingle-Old,MESH,2278,1204,2385,1193,GasMaskSingle-Old,1,*SK_F_Facewear_GasMask_Single
GasMaskSingle-Obese,MESH,2278,1204,2385,1193,GasMaskSingle-Obese,1,*SK_F_Facewear_GasMask_Single
Petite.062,MESH,2278,1204,2385,1193,SK_F_Facewear_GasMask_Single.001,1,*SK_F_Facewear_GasMask_Single
Angry.011,MESH,2278,1204,2385,1193,Angry.011,1,*SK_F_Facewear_GasMask_Single 1
Awkward.011,MESH,2278,1204,2385,1193,Awkward.011,1,*SK_F_Facewear_GasMask_Single 1
CheekBoneDown.003,MESH,2278,1204,2385,1193,CheekBoneDown.003,1,*SK_F_Facewear_GasMask_Single 1
CheekBoneUp.008,MESH,2278,1204,2385,1193,CheekBoneUp.008,1,*SK_F_Facewear_GasMask_Single 1
CheekBoneWide.003,MESH,2278,1204,2385,1193,CheekBoneWide.003,1,*SK_F_Facewear_GasMask_Single 1
CheekGoneNarrow,MESH,2278,1204,2385,1193,CheekGoneNarrow,1,*SK_F_Facewear_GasMask_Single 1
CheekMidBulge.003,MESH,2278,1204,2385,1193,CheekMidBulge.003,1,*SK_F_Facewear_GasMask_Single 1
ChinNarrow.003,MESH,2278,1204,2385,1193,ChinNarrow.003,1,*SK_F_Facewear_GasMask_Single 1
ChinRound.002,MESH,2278,1204,2385,1193,ChinRound.002,1,*SK_F_Facewear_GasMask_Single 1
ChinSquare.003,MESH,2278,1204,2385,1193,ChinSquare.003,1,*SK_F_Facewear_GasMask_Single 1
ChinWide.003,MESH,2278,1204,2385,1193,ChinWide.003,1,*SK_F_Facewear_GasMask_Single 1
Cocky.011,MESH,2278,1204,2385,1193,Cocky.011,1,*SK_F_Facewear_GasMask_Single 1
Confused.011,MESH,2278,1204,2385,1193,Confused.011,1,*SK_F_Facewear_GasMask_Single 1
Goofy.011,MESH,2278,1204,2385,1193,Goofy.011,1,*SK_F_Facewear_GasMask_Single 1
Happy.011,MESH,2278,1204,2385,1193,Happy.011,1,*SK_F_Facewear_GasMask_Single 1
JawMidNarrow.004,MESH,2278,1204,2385,1193,JawMidNarrow.004,1,*SK_F_Facewear_GasMask_Single 1
JawMidWide.009,MESH,2278,1204,2385,1193,JawMidWide.009,1,*SK_F_Facewear_GasMask_Single 1
JawRearNarrow.004,MESH,2278,1204,2385,1193,JawRearNarrow.004,1,*SK_F_Facewear_GasMask_Single 1
JawRearWide.009,MESH,2278,1204,2385,1193,JawRearWide.009,1,*SK_F_Facewear_GasMask_Single 1
MouthOpen.004,MESH,2278,1204,2385,1193,MouthOpen.005,1,*SK_F_Facewear_GasMask_Single 1
NeckObese.012,MESH,2278,1204,2385,1193,NeckObese.012,1,*SK_F_Facewear_GasMask_Single 1
NeckThick.012,MESH,2278,1204,2385,1193,NeckThick.012,1,*SK_F_Facewear_GasMask_Single 1
PainHigh01.011,MESH,2278,1204,2385,1193,PainHigh01.011,1,*SK_F_Facewear_GasMask_Single 1
PainHigh02.012,MESH,2278,1204,2385,1193,PainHigh02.012,1,*SK_F_Facewear_GasMask_Single 1
PainLow.012,MESH,2278,1204,2385,1193,PainLow.012,1,*SK_F_Facewear_GasMask_Single 1
PainMed.012,MESH,2278,1204,2385,1193,PainMed.012,1,*SK_F_Facewear_GasMask_Single 1
V-aa.004,MESH,2278,1204,2385,1193,V-aa.004,1,*SK_F_Facewear_GasMask_Single 1
V-CH.004,MESH,2278,1204,2385,1193,V-CH.004,1,*SK_F_Facewear_GasMask_Single 1
V-DD.004,MESH,2278,1204,2385,1193,V-DD.004,1,*SK_F_Facewear_GasMask_Single 1
V-E.004,MESH,2278,1204,2385,1193,V-E.004,1,*SK_F_Facewear_GasMask_Single 1
V-FF.004,MESH,2278,1204,2385,1193,V-FF.004,1,*SK_F_Facewear_GasMask_Single 1
V-kk.004,MESH,2278,1204,2385,1193,V-kk.004,1,*SK_F_Facewear_GasMask_Single 1
V-l.004,MESH,2278,1204,2385,1193,V-l.004,1,*SK_F_Facewear_GasMask_Single 1
V-nn.004,MESH,2278,1204,2385,1193,V-nn.004,1,*SK_F_Facewear_GasMask_Single 1
V-O.004,MESH,2278,1204,2385,1193,V-O.004,1,*SK_F_Facewear_GasMask_Single 1
V-PP.004,MESH,2278,1204,2385,1193,V-PP.004,1,*SK_F_Facewear_GasMask_Single 1
V-RR.004,MESH,2278,1204,2385,1193,V-RR.004,1,*SK_F_Facewear_GasMask_Single 1
V-SS.004,MESH,2278,1204,2385,1193,V-SS.004,1,*SK_F_Facewear_GasMask_Single 1
V-TH.004,MESH,2278,1204,2385,1193,V-TH.004,1,*SK_F_Facewear_GasMask_Single 1
V-U.004,MESH,2278,1204,2385,1193,V-U.004,1,*SK_F_Facewear_GasMask_Single 1
Worried.011,MESH,2278,1204,2385,1193,Worried.011,1,*SK_F_Facewear_GasMask_Single 1
Skinny.021,MESH,4018,2187,4236,2049,Skinny.022,1,*SM_F_Facewear_GasMask
SM_F_Facewear_GasMask,MESH,4018,2187,4236,2049,SM_F_Facewear_GasMask,1,*SM_F_Facewear_GasMask
SM_F_Facewear_GasMask_Fat,MESH,4018,2187,4236,2049,SM_F_Facewear_GasMask_Fat,1,*SM_F_Facewear_GasMask
GasMaskDouble-ChildishF,MESH,4018,2187,4236,2049,GasMaskDouble-ChildishF,1,*SM_F_Facewear_GasMask
GasMaskDouble-Tall,MESH,4018,2187,4236,2049,GasMaskDouble-Tall,1,*SM_F_Facewear_GasMask
Muscular.013,MESH,4018,2187,4236,2049,Muscular.013,1,*SM_F_Facewear_GasMask
GasMaskDual-Old,MESH,4018,2187,4236,2049,GasMaskDual-Old,1,*SM_F_Facewear_GasMask
GasMaskDouble-Obese,MESH,4018,2187,4236,2049,GasMaskDouble-Obese,1,*SM_F_Facewear_GasMask
Petite.061,MESH,4018,2187,4236,2049,SM_F_Facewear_GasMask.001,1,*SM_F_Facewear_GasMask
Angry.012,MESH,4018,2187,4236,2049,Angry.012,1,*SM_F_Facewear_GasMask 1
Awkward.012,MESH,4018,2187,4236,2049,Awkward.012,1,*SM_F_Facewear_GasMask 1
Cocky.012,MESH,4018,2187,4236,2049,Cocky.012,1,*SM_F_Facewear_GasMask 1
Confused.012,MESH,4018,2187,4236,2049,Confused.012,1,*SM_F_Facewear_GasMask 1
Goofy.012,MESH,4018,2187,4236,2049,Goofy.012,1,*SM_F_Facewear_GasMask 1
Happy.012,MESH,4018,2187,4236,2049,Happy.012,1,*SM_F_Facewear_GasMask 1
JawMidNarrow.005,MESH,4018,2187,4236,2049,JawMidNarrow.005,1,*SM_F_Facewear_GasMask 1
JawRearNarrow.005,MESH,4018,2187,4236,2049,JawRearNarrow.005,1,*SM_F_Facewear_GasMask 1
MouthOpen.005,MESH,4018,2187,4236,2049,MouthOpen.006,1,*SM_F_Facewear_GasMask 1
PainHigh01.012,MESH,4018,2187,4236,2049,PainHigh01.012,1,*SM_F_Facewear_GasMask 1
PainHigh02.013,MESH,4018,2187,4236,2049,PainHigh02.013,1,*SM_F_Facewear_GasMask 1
PainLow.013,MESH,4018,2187,4236,2049,PainLow.013,1,*SM_F_Facewear_GasMask 1
PainMed.013,MESH,4018,2187,4236,2049,PainMed.013,1,*SM_F_Facewear_GasMask 1
SM_F_Facewear_GasMask_JawMidWide,MESH,4018,2187,4236,2049,SM_F_Facewear_GasMask_JawMidWide,1,*SM_F_Facewear_GasMask 1
SM_F_Facewear_GasMask_JawRearWide,MESH,4018,2187,4236,2049,SM_F_Facewear_GasMask_JawRearWide,1,*SM_F_Facewear_GasMask 1
SM_F_Facewear_GasMask_SkullSquare,MESH,4018,2187,4236,2049,SM_F_Facewear_GasMask_SkullSquare,1,*SM_F_Facewear_GasMask 1
V-aa.005,MESH,4018,2187,4236,2049,V-aa.005,1,*SM_F_Facewear_GasMask 1
V-CH.005,MESH,4018,2187,4236,2049,V-CH.005,1,*SM_F_Facewear_GasMask 1
V-DD.005,MESH,4018,2187,4236,2049,V-DD.005,1,*SM_F_Facewear_GasMask 1
V-E.005,MESH,4018,2187,4236,2049,V-E.005,1,*SM_F_Facewear_GasMask 1
V-FF.005,MESH,4018,2187,4236,2049,V-FF.005,1,*SM_F_Facewear_GasMask 1
V-kk.005,MESH,4018,2187,4236,2049,V-kk.005,1,*SM_F_Facewear_GasMask 1
V-l.005,MESH,4018,2187,4236,2049,V-l.005,1,*SM_F_Facewear_GasMask 1
V-nn.005,MESH,4018,2187,4236,2049,V-nn.005,1,*SM_F_Facewear_GasMask 1
V-O.005,MESH,4018,2187,4236,2049,V-O.005,1,*SM_F_Facewear_GasMask 1
V-PP.005,MESH,4018,2187,4236,2049,V-PP.005,1,*SM_F_Facewear_GasMask 1
V-RR.005,MESH,4018,2187,4236,2049,V-RR.005,1,*SM_F_Facewear_GasMask 1
V-SS.005,MESH,4018,2187,4236,2049,V-SS.005,1,*SM_F_Facewear_GasMask 1
V-TH.005,MESH,4018,2187,4236,2049,V-TH.005,1,*SM_F_Facewear_GasMask 1
V-U.005,MESH,4018,2187,4236,2049,V-U.005,1,*SM_F_Facewear_GasMask 1
Worried.012,MESH,4018,2187,4236,2049,Worried.012,1,*SM_F_Facewear_GasMask 1
SK_Facewear_Bandana01,MESH,1082,1082,1732,646,SK_Facewear_Bandana01,1,*Bandana
Skinny.031,MESH,1082,1082,1732,646,Skinny.008,1,*Bandana
Tall.004,MESH,1082,1082,1732,646,Tall.004,1,*Bandana
Muscular.023,MESH,1082,1082,1732,646,Muscular.023,1,*Bandana
Obese.029,MESH,1082,1082,1732,646,Obese.009,1,*Bandana
ChildishF.002,MESH,1082,1082,1732,646,ChildishF.002,1,*Bandana
Old.037,MESH,1082,1082,1732,646,Old.036,1,*Bandana
Petite.060,MESH,1082,1082,1732,646,SK_Facewear_Bandana01.001,1,*Bandana
Angry.013,MESH,1082,1082,1732,646,Angry.013,1,*Bandana 1
Awkward.013,MESH,1082,1082,1732,646,Awkward.013,1,*Bandana 1
CheekBoneDown.004,MESH,1082,1082,1732,646,CheekBoneDown.004,1,*Bandana 1
CheekBoneNarrow.003,MESH,1082,1082,1732,646,CheekBoneNarrow.003,1,*Bandana 1
CheekBoneUp.009,MESH,1082,1082,1732,646,CheekBoneUp.009,1,*Bandana 1
CheekBoneWide.004,MESH,1082,1082,1732,646,CheekBoneWide.004,1,*Bandana 1
CheekMidBulge.004,MESH,1082,1082,1732,646,CheekMidBulge.004,1,*Bandana 1
Cocky.013,MESH,1082,1082,1732,646,Cocky.013,1,*Bandana 1
Confused.013,MESH,1082,1082,1732,646,Confused.013,1,*Bandana 1
Goofy.013,MESH,1082,1082,1732,646,Goofy.013,1,*Bandana 1
Happy.013,MESH,1082,1082,1732,646,Happy.013,1,*Bandana 1
JawMidNarrow.006,MESH,1082,1082,1732,646,JawMidNarrow.006,1,*Bandana 1
JawMidWide.010,MESH,1082,1082,1732,646,JawMidWide.010,1,*Bandana 1
JawRearNarrow.006,MESH,1082,1082,1732,646,JawRearNarrow.006,1,*Bandana 1
JawRearWide.010,MESH,1082,1082,1732,646,JawRearWide.010,1,*Bandana 1
MouthOpen.006,MESH,1082,1082,1732,646,MouthOpen,1,*Bandana 1
NeckObese.013,MESH,1082,1082,1732,646,NeckObese.013,1,*Bandana 1
NeckThick.013,MESH,1082,1082,1732,646,NeckThick.013,1,*Bandana 1
PainHigh01.013,MESH,1082,1082,1732,646,PainHigh01.013,1,*Bandana 1
PainHigh02.014,MESH,1082,1082,1732,646,PainHigh02.014,1,*Bandana 1
PainLow.014,MESH,1082,1082,1732,646,PainLow.014,1,*Bandana 1
PainMed.014,MESH,1082,1082,1732,646,PainMed.014,1,*Bandana 1
V-aa.006,MESH,1082,1082,1732,646,V-aa.006,1,*Bandana 1
V-CH.006,MESH,1082,1082,1732,646,V-CH.006,1,*Bandana 1
V-DD.006,MESH,1082,1082,1732,646,V-DD.006,1,*Bandana 1
V-E.006,MESH,1082,1082,1732,646,V-E.006,1,*Bandana 1
V-FF.006,MESH,1082,1082,1732,646,V-FF.006,1,*Bandana 1
V-kk.006,MESH,1082,1082,1732,646,V-kk.006,1,*Bandana 1
V-l.006,MESH,1082,1082,1732,646,V-l.006,1,*Bandana 1
V-nn.006,MESH,1082,1082,1732,646,V-nn.006,1,*Bandana 1
V-O.006,MESH,1082,1082,1732,646,V-O.006,1,*Bandana 1
V-PP.006,MESH,1082,1082,1732,646,V-PP.006,1,*Bandana 1
V-RR.006,MESH,1082,1082,1732,646,V-RR.006,1,*Bandana 1
V-SS.006,MESH,1082,1082,1732,646,V-SS.006,1,*Bandana 1
V-TH.006,MESH,1082,1082,1732,646,V-TH.006,1,*Bandana 1
V-U.006,MESH,1082,1082,1732,646,V-U.006,1,*Bandana 1
Worried.013,MESH,1082,1082,1732,646,Worried.013,1,*Bandana 1
TacticalVest,MESH,37474,25898,44615,21835,TacticalVest.001,1,*TacticalVest
Muscular.054,MESH,37474,25898,44615,21835,Muscular.052,1,*TacticalVest
ChildishF.079,MESH,37474,25898,44615,21835,ChildishF.078,1,*TacticalVest
Obese.074,MESH,37474,25898,44615,21835,Obese.069,1,*TacticalVest
Skinny.067,MESH,37474,25898,44615,21835,Skinny.065,1,*TacticalVest
Tall.091,MESH,37474,25898,44615,21835,Tall.089,1,*TacticalVest
Old.036,MESH,37474,25898,44615,21835,Old.035,1,*TacticalVest
Petite.066,MESH,37474,25898,44615,21835,TacticalVest.002,1,*TacticalVest
BreastsAngleUp.029,MESH,37474,25898,44615,21835,BreastsAngleUp.030,1,TacticalVest 1
BreastsAngleDown.028,MESH,37474,25898,44615,21835,BreastsAngleDown.028,1,TacticalVest 1
BreastsRound.029,MESH,37474,25898,44615,21835,BreastsRound.030,1,TacticalVest 1
BreastsCone.029,MESH,37474,25898,44615,21835,BreastsCone.030,1,TacticalVest 1
BreastsSmall.029,MESH,37474,25898,44615,21835,BreastsSmall.030,1,TacticalVest 1
BreastsLarge.027,MESH,37474,25898,44615,21835,BreastsLarge.027,1,TacticalVest 1
BreastsUp.029,MESH,37474,25898,44615,21835,BreastsUp.030,1,TacticalVest 1
BreastsDown.028,MESH,37474,25898,44615,21835,BreastsDown.029,1,TacticalVest 1
BreastsWide.029,MESH,37474,25898,44615,21835,BreastsWide.030,1,TacticalVest 1
BreastsNarrow.028,MESH,37474,25898,44615,21835,BreastsNarrow.029,1,TacticalVest 1
ButtOut.042,MESH,37474,25898,44615,21835,ButtOut.043,1,TacticalVest 1
ButtIn.042,MESH,37474,25898,44615,21835,ButtIn.043,1,TacticalVest 1
ButtUp.041,MESH,37474,25898,44615,21835,ButtUp.042,1,TacticalVest 1
ButtDown.041,MESH,37474,25898,44615,21835,ButtDown.042,1,TacticalVest 1
LoveHandlesOut.036,MESH,37474,25898,44615,21835,LoveHandlesOut.037,1,TacticalVest 1
LoveHandlesIn.036,MESH,37474,25898,44615,21835,LoveHandlesIn.037,1,TacticalVest 1
MidsectionWide.043,MESH,37474,25898,44615,21835,MidsectionWide.044,1,TacticalVest 1
MidsectionNarrow.041,MESH,37474,25898,44615,21835,MidsectionNarrow.042,1,TacticalVest 1
WaistWide.042,MESH,37474,25898,44615,21835,WaistWide.043,1,TacticalVest 1
WaistThin.043,MESH,37474,25898,44615,21835,WaistThin.044,1,TacticalVest 1
TrapsLarge.025,MESH,37474,25898,44615,21835,TrapsLarge.025,1,TacticalVest 1
DeltoidsLarge.024,MESH,37474,25898,44615,21835,DeltoidsLarge.023,1,TacticalVest 1
Tall.095,MESH,70834,51004,86799,35869,Tall.092,1,Vest 2
Muscular.055,MESH,70834,51004,86799,35869,Muscular.053,1,Vest 2
Obese.075,MESH,70834,51004,86799,35869,Obese.070,1,Vest 2
Old.038,MESH,70834,51004,86799,35869,Old.037,1,Vest 2
PlatCarrierM,MESH,70834,51004,86799,35869,PlatCarrierM,1,Vest 2
Skinny.068,MESH,70834,51004,86799,35869,Skinny.066,1,Vest 2
ChildishF.084,MESH,70834,51004,86799,35869,ChildishF.082,1,Vest 2
Petite.065,MESH,70834,51004,86799,35869,PlatCarrierM.001,1,Vest 2
BreastsAngleDown.029,MESH,70834,51004,86799,35869,BreastsAngleDown.029,1,Vest 2 1
BreastsAngleUp.030,MESH,70834,51004,86799,35869,BreastsAngleUp.025,1,Vest 2 1
BreastsCone.030,MESH,70834,51004,86799,35869,BreastsCone.025,1,Vest 2 1
BreastsDown.029,MESH,70834,51004,86799,35869,BreastsDown.024,1,Vest 2 1
BreastsLarge.028,MESH,70834,51004,86799,35869,BreastsLarge.022,1,Vest 2 1
BreastsNarrow.029,MESH,70834,51004,86799,35869,BreastsNarrow.025,1,Vest 2 1
BreastsRound.030,MESH,70834,51004,86799,35869,BreastsRound.025,1,Vest 2 1
BreastsSmall.030,MESH,70834,51004,86799,35869,BreastsSmall.025,1,Vest 2 1
BreastsUp.030,MESH,70834,51004,86799,35869,BreastsUp.025,1,Vest 2 1
BreastsWide.030,MESH,70834,51004,86799,35869,BreastsWide.025,1,Vest 2 1
ButtDown.042,MESH,70834,51004,86799,35869,ButtDown.035,1,Vest 2 1
ButtIn.043,MESH,70834,51004,86799,35869,ButtIn.036,1,Vest 2 1
ButtNarrow.041,MESH,70834,51004,86799,35869,ButtNarrow.035,1,Vest 2 1
ButtOut.043,MESH,70834,51004,86799,35869,ButtOut.036,1,Vest 2 1
ButtUp.042,MESH,70834,51004,86799,35869,ButtUp.035,1,Vest 2 1
ButtWide.042,MESH,70834,51004,86799,35869,ButtWide.036,1,Vest 2 1
DeltoidsLarge.025,MESH,70834,51004,86799,35869,DeltoidsLarge.024,1,Vest 2 1
LoveHandlesIn.037,MESH,70834,51004,86799,35869,LoveHandlesIn.030,1,Vest 2 1
LoveHandlesOut.037,MESH,70834,51004,86799,35869,LoveHandlesOut.030,1,Vest 2 1
MidsectionNarrow.042,MESH,70834,51004,86799,35869,MidsectionNarrow.035,1,Vest 2 1
MidsectionWide.044,MESH,70834,51004,86799,35869,MidsectionWide.037,1,Vest 2 1
NeckObese.032,MESH,70834,51004,86799,35869,NeckObese.032,1,Vest 2 1
NeckThick.032,MESH,70834,51004,86799,35869,NeckThick.032,1,Vest 2 1
TrapsLarge.026,MESH,70834,51004,86799,35869,TrapsLarge.026,1,Vest 2 1
TricepsLarge.022,MESH,70834,51004,86799,35869,TricepsLarge.021,1,Vest 2 1
WaistThin.044,MESH,70834,51004,86799,35869,WaistThin.037,1,Vest 2 1
WaistWide.043,MESH,70834,51004,86799,35869,WaistWide.036,1,Vest 2 1
SM_F_Jacket_EMS,MESH,2904,1632,3084,1454,SM_F_Jacket_EMS.001,1,*EMS
ChildishF.003,MESH,2904,1632,3084,1454,ChildishF.003,1,*EMS
Old,MESH,2904,1632,3084,1454,Old,1,*EMS
Tall.005,MESH,2904,1632,3084,1454,Tall.005,1,*EMS
Petite.007,MESH,2904,1632,3084,1454,SM_F_Jacket_EMS.002,1,*EMS
Obese.010,MESH,2904,1632,3084,1454,Obese.010,1,*EMS
Skinny.008,MESH,2904,1632,3084,1454,Skinny.009,1,*EMS
SM_F_Jacket_EMS_Fat,MESH,3336,1848,3541,1696,SM_F_Jacket_EMS_Fat.001,1,*EMS
SM_F_Jacket_EMS_Muscular,MESH,2904,1632,3084,1454,SM_F_Jacket_EMS_Muscular.001,1,*EMS
SM_F_Jacket_EMS_BicepsBig,MESH,2904,1632,3084,1454,SM_F_Jacket_EMS_BicepsBig.001,1,EMS 1
SM_F_Jacket_EMS_BreastsAngleDown,MESH,2904,1632,3084,1454,SM_F_Jacket_EMS_BreastsAngleDown.001,1,EMS 1
SM_F_Jacket_EMS_BreastsAngleUp,MESH,2904,1632,3084,1454,SM_F_Jacket_EMS_BreastsAngleUp.001,1,EMS 1
SM_F_Jacket_EMS_BreastsBig,MESH,2904,1632,3084,1454,SM_F_Jacket_EMS_BreastsBig.001,1,EMS 1
SM_F_Jacket_EMS_BreastsCone,MESH,2904,1632,3084,1454,SM_F_Jacket_EMS_BreastsCone.001,1,EMS 1
SM_F_Jacket_EMS_BreastsDown,MESH,2904,1632,3084,1454,SM_F_Jacket_EMS_BreastsDown.001,1,EMS 1
SM_F_Jacket_EMS_BreastsNarrow,MESH,2904,1632,3084,1454,SM_F_Jacket_EMS_BreastsNarrow.001,1,EMS 1
SM_F_Jacket_EMS_BreastsRound,MESH,2904,1632,3084,1454,SM_F_Jacket_EMS_BreastsRound.001,1,EMS 1
SM_F_Jacket_EMS_BreastsSmall,MESH,2904,1632,3084,1454,SM_F_Jacket_EMS_BreastsSmall.001,1,EMS 1
SM_F_Jacket_EMS_BreastsUp,MESH,2904,1632,3084,1454,SM_F_Jacket_EMS_BreastsUp.001,1,EMS 1
SM_F_Jacket_EMS_BreastsWide,MESH,2904,1632,3084,1454,SM_F_Jacket_EMS_BreastsWide.001,1,EMS 1
SM_F_Jacket_EMS_ButtDown,MESH,2904,1632,3084,1454,SM_F_Jacket_EMS_ButtDown.001,1,EMS 1
SM_F_Jacket_EMS_ButtIn,MESH,2904,1632,3084,1454,SM_F_Jacket_EMS_ButtIn.001,1,EMS 1
SM_F_Jacket_EMS_ButtNarrow,MESH,2904,1632,3084,1454,SM_F_Jacket_EMS_ButtNarrow.001,1,EMS 1
SM_F_Jacket_EMS_ButtOut,MESH,2904,1632,3084,1454,SM_F_Jacket_EMS_ButtOut.001,1,EMS 1
SM_F_Jacket_EMS_ButtUp,MESH,2904,1632,3084,1454,SM_F_Jacket_EMS_ButtUp.001,1,EMS 1
SM_F_Jacket_EMS_ButtWide,MESH,2904,1632,3084,1454,SM_F_Jacket_EMS_ButtWide.001,1,EMS 1
SM_F_Jacket_EMS_DeltsBig,MESH,2904,1632,3084,1454,SM_F_Jacket_EMS_DeltsBig.001,1,EMS 1
SM_F_Jacket_EMS_ForearmBig,MESH,2904,1632,3084,1454,SM_F_Jacket_EMS_ForearmBig.001,1,EMS 1
SM_F_Jacket_EMS_LoveHandlesIn,MESH,2904,1632,3084,1454,SM_F_Jacket_EMS_LoveHandlesIn.001,1,EMS 1
SM_F_Jacket_EMS_MidsectionNarrow,MESH,2904,1632,3084,1454,SM_F_Jacket_EMS_MidsectionNarrow.001,1,EMS 1
SM_F_Jacket_EMS_MidsectionWide,MESH,2904,1632,3084,1454,SM_F_Jacket_EMS_MidsectionWide.001,1,EMS 1
SM_F_Jacket_EMS_ThighsThick,MESH,2904,1632,3084,1454,SM_F_Jacket_EMS_ThighsThick.001,1,EMS 1
SM_F_Jacket_EMS_TrapsBig,MESH,2904,1632,3084,1454,SM_F_Jacket_EMS_TrapsBig.001,1,EMS 1
SM_F_Jacket_EMS_TricepsBig,MESH,2904,1632,3084,1454,SM_F_Jacket_EMS_TricepsBig.001,1,EMS 1
SM_F_Jacket_EMS_WaistThin,MESH,2904,1632,3084,1454,SM_F_Jacket_EMS_WaistThin.001,1,EMS 1
SM_F_Jacket_EMS_WaistWide,MESH,2904,1632,3084,1454,SM_F_Jacket_EMS_WaistWide.001,1,EMS 1
SM_F_Jacket_EMS_WristsThin,MESH,2904,1632,3084,1454,SM_F_Jacket_EMS_WristsThin.001,1,EMS 1
SM_F_Top_Hoodie,MESH,2130,1119,2208,1090,SM_F_Top_Hoodie,1,*SK_F_Top_Hoodie
ChildishF.004,MESH,2130,1119,2208,1090,ChildishF.004,1,*SK_F_Top_Hoodie
OldF,MESH,2130,1119,2208,1090,OldF,1,*SK_F_Top_Hoodie
Tall.006,MESH,2130,1119,2208,1090,Tall.006,1,*SK_F_Top_Hoodie
Petite.008,MESH,2130,1119,2208,1090,SM_F_Top_Hoodie.001,1,*SK_F_Top_Hoodie
SM_F_Top_Hoodie_Fat,MESH,2130,1119,2208,1090,SM_F_Top_Hoodie_Fat,1,*SK_F_Top_Hoodie
SM_F_Top_Hoodie_Muscular,MESH,2130,1119,2208,1090,SM_F_Top_Hoodie_Muscular,1,*SK_F_Top_Hoodie
SM_F_Top_Hoodie_Skinny,MESH,2130,1119,2208,1090,SM_F_Top_Hoodie_Skinny,1,*SK_F_Top_Hoodie
SM_F_Top_Hoodie_BicepsBig,MESH,2130,1119,2208,1090,SM_F_Top_Hoodie_BicepsBig,1,Hoodie 1
SM_F_Top_Hoodie_BreastsAngleDown,MESH,2130,1119,2208,1090,SM_F_Top_Hoodie_BreastsAngleDown,1,Hoodie 1
SM_F_Top_Hoodie_BreastsAngleUp,MESH,2130,1119,2208,1090,SM_F_Top_Hoodie_BreastsAngleUp,1,Hoodie 1
SM_F_Top_Hoodie_BreastsBig,MESH,2130,1119,2208,1090,SM_F_Top_Hoodie_BreastsBig,1,Hoodie 1
SM_F_Top_Hoodie_BreastsCone,MESH,2130,1119,2208,1090,SM_F_Top_Hoodie_BreastsCone,1,Hoodie 1
SM_F_Top_Hoodie_BreastsDown,MESH,2130,1119,2208,1090,SM_F_Top_Hoodie_BreastsDown,1,Hoodie 1
SM_F_Top_Hoodie_BreastsRound,MESH,2130,1119,2208,1090,SM_F_Top_Hoodie_BreastsRound,1,Hoodie 1
SM_F_Top_Hoodie_BreastsSmall,MESH,2130,1119,2208,1090,SM_F_Top_Hoodie_BreastsSmall,1,Hoodie 1
SM_F_Top_Hoodie_BreastsUp,MESH,2130,1119,2208,1090,SM_F_Top_Hoodie_BreastsUp,1,Hoodie 1
SM_F_Top_Hoodie_ButtDown,MESH,2130,1119,2208,1090,SM_F_Top_Hoodie_ButtDown,1,Hoodie 1
SM_F_Top_Hoodie_ButtIn,MESH,2130,1119,2208,1090,SM_F_Top_Hoodie_ButtIn,1,Hoodie 1
SM_F_Top_Hoodie_ButtNarrow,MESH,2130,1119,2208,1090,SM_F_Top_Hoodie_ButtNarrow,1,Hoodie 1
SM_F_Top_Hoodie_ButtOut,MESH,2130,1119,2208,1090,SM_F_Top_Hoodie_ButtOut,1,Hoodie 1
SM_F_Top_Hoodie_ButtUp,MESH,2130,1119,2208,1090,SM_F_Top_Hoodie_ButtUp,1,Hoodie 1
SM_F_Top_Hoodie_ButtWide,MESH,2130,1119,2208,1090,SM_F_Top_Hoodie_ButtWide,1,Hoodie 1
SM_F_Top_Hoodie_DeltsBig,MESH,2130,1119,2208,1090,SM_F_Top_Hoodie_DeltsBig,1,Hoodie 1
SM_F_Top_Hoodie_ForearmBig,MESH,2130,1119,2208,1090,SM_F_Top_Hoodie_ForearmBig,1,Hoodie 1
SM_F_Top_Hoodie_LoveHandlesIn,MESH,2130,1119,2208,1090,SM_F_Top_Hoodie_LoveHandlesIn,1,Hoodie 1
SM_F_Top_Hoodie_MidsectionNarrow,MESH,2130,1119,2208,1090,SM_F_Top_Hoodie_MidsectionNarrow,1,Hoodie 1
SM_F_Top_Hoodie_MidsectionWide,MESH,2130,1119,2208,1090,SM_F_Top_Hoodie_MidsectionWide,1,Hoodie 1
SM_F_Top_Hoodie_TrapsBig,MESH,2130,1119,2208,1090,SM_F_Top_Hoodie_TrapsBig,1,Hoodie 1
SM_F_Top_Hoodie_TricepsBig,MESH,2130,1119,2208,1090,SM_F_Top_Hoodie_TricepsBig,1,Hoodie 1
SM_F_Top_Hoodie_WaistThin,MESH,2130,1119,2208,1090,SM_F_Top_Hoodie_WaistThin,1,Hoodie 1
SM_F_Top_Hoodie_WaistWide,MESH,2130,1119,2208,1090,SM_F_Top_Hoodie_WaistWide,1,Hoodie 1
SM_F_Top_Hoodie_WristThin,MESH,2130,1119,2208,1090,SM_F_Top_Hoodie_WristThin,1,Hoodie 1
SM_F_Jacket_BDU,MESH,1961,1006,2009,1003,SM_F_Jacket_BDU,1,*BDU
Old.001,MESH,1961,1006,2009,1003,Old.001,1,*BDU
ChildishF.005,MESH,1961,1006,2009,1003,ChildishF.005,1,*BDU
Tall.007,MESH,1961,1006,2009,1003,Tall.007,1,*BDU
SM_F_Jacket_BDU.001,MESH,1961,1006,2009,1003,SM_F_Jacket_BDU.001,1,*BDU
SM_F_Jacket_BDU_Fat,MESH,1961,1006,2009,1003,SM_F_Jacket_BDU_Fat,1,*BDU
SM_F_Jacket_BDU_Muscular,MESH,1961,1006,2009,1003,SM_F_Jacket_BDU_Muscular,1,*BDU
SM_F_Jacket_BDU_Skinny,MESH,1961,1006,2009,1003,SM_F_Jacket_BDU_Skinny,1,*BDU
SM_F_Jacket_BDU_BicepsBig,MESH,1961,1006,2009,1003,SM_F_Jacket_BDU_BicepsBig,1,BDU 1
SM_F_Jacket_BDU_BreastsAngleDown,MESH,1961,1006,2009,1003,SM_F_Jacket_BDU_BreastsAngleDown,1,BDU 1
SM_F_Jacket_BDU_BreastsAngleUp,MESH,1961,1006,2009,1003,SM_F_Jacket_BDU_BreastsAngleUp,1,BDU 1
SM_F_Jacket_BDU_BreastsBig,MESH,1961,1006,2009,1003,SM_F_Jacket_BDU_BreastsBig,1,BDU 1
SM_F_Jacket_BDU_BreastsCone,MESH,1961,1006,2009,1003,SM_F_Jacket_BDU_BreastsCone,1,BDU 1
SM_F_Jacket_BDU_BreastsDown,MESH,1961,1006,2009,1003,SM_F_Jacket_BDU_BreastsDown,1,BDU 1
SM_F_Jacket_BDU_BreastsNarrow,MESH,1961,1006,2009,1003,SM_F_Jacket_BDU_BreastsNarrow,1,BDU 1
SM_F_Jacket_BDU_BreastsRound,MESH,1961,1006,2009,1003,SM_F_Jacket_BDU_BreastsRound,1,BDU 1
SM_F_Jacket_BDU_BreastsSmall,MESH,1961,1006,2009,1003,SM_F_Jacket_BDU_BreastsSmall,1,BDU 1
SM_F_Jacket_BDU_BreastsUp,MESH,1961,1006,2009,1003,SM_F_Jacket_BDU_BreastsUp,1,BDU 1
SM_F_Jacket_BDU_BreastsWide,MESH,1961,1006,2009,1003,SM_F_Jacket_BDU_BreastsWide,1,BDU 1
SM_F_Jacket_BDU_ButtIn,MESH,1961,1006,2009,1003,SM_F_Jacket_BDU_ButtIn,1,BDU 1
SM_F_Jacket_BDU_ButtNarrow,MESH,1961,1006,2009,1003,SM_F_Jacket_BDU_ButtNarrow,1,BDU 1
SM_F_Jacket_BDU_ButtOut,MESH,1961,1006,2009,1003,SM_F_Jacket_BDU_ButtOut,1,BDU 1
SM_F_Jacket_BDU_ButtUp,MESH,1961,1006,2009,1003,SM_F_Jacket_BDU_ButtUp,1,BDU 1
SM_F_Jacket_BDU_ButtWide,MESH,1961,1006,2009,1003,SM_F_Jacket_BDU_ButtWide,1,BDU 1
SM_F_Jacket_BDU_DeltsBig,MESH,1961,1006,2009,1003,SM_F_Jacket_BDU_DeltsBig,1,BDU 1
SM_F_Jacket_BDU_ForearmBig,MESH,1961,1006,2009,1003,SM_F_Jacket_BDU_ForearmBig,1,BDU 1
SM_F_Jacket_BDU_LoveHandlesIn,MESH,1961,1006,2009,1003,SM_F_Jacket_BDU_LoveHandlesIn,1,BDU 1
SM_F_Jacket_BDU_MidsectionNarrow,MESH,1961,1006,2009,1003,SM_F_Jacket_BDU_MidsectionNarrow,1,BDU 1
SM_F_Jacket_BDU_MidsectionWide,MESH,1961,1006,2009,1003,SM_F_Jacket_BDU_MidsectionWide,1,BDU 1
SM_F_Jacket_BDU_TrapsBig,MESH,1961,1006,2009,1003,SM_F_Jacket_BDU_TrapsBig,1,BDU 1
SM_F_Jacket_BDU_TricepsBig,MESH,1961,1006,2009,1003,SM_F_Jacket_BDU_TricepsBig,1,BDU 1
SM_F_Jacket_BDU_WaistThin,MESH,1961,1006,2009,1003,SM_F_Jacket_BDU_WaistThin,1,BDU 1
SM_F_Jacket_BDU_WaistWide,MESH,1961,1006,2009,1003,SM_F_Jacket_BDU_WaistWide,1,BDU 1
SM_F_Jacket_BDU_WristThick,MESH,1961,1006,2009,1003,SM_F_Jacket_BDU_WristThick,1,BDU 1
SM_F_Jacket_BDU_WristThin,MESH,1961,1006,2009,1003,SM_F_Jacket_BDU_WristThin,1,BDU 1
SK_F_Jacket_BlazerOpen,MESH,4630,2539,4931,2409,SK_F_Jacket_BlazerOpen,1,*BlazerOpen
Petite.009,MESH,4630,2539,4931,2409,SK_F_Jacket_BlazerOpen.001,1,*BlazerOpen
ChildishF.006,MESH,4630,2539,4931,2409,ChildishF.006,1,*BlazerOpen
Muscular.008,MESH,4630,2539,4931,2409,Muscular.008,1,*BlazerOpen
Obese.011,MESH,4630,2539,4931,2409,Obese.011,1,*BlazerOpen
Old.002,MESH,4630,2539,4931,2409,Old.002,1,*BlazerOpen
Skinny.009,MESH,4630,2539,4931,2409,Skinny.010,1,*BlazerOpen
Tall.008,MESH,4630,2539,4931,2409,Tall.008,1,*BlazerOpen
BipepsLarge,MESH,4630,2539,4931,2409,BipepsLarge,1,BlazerOpen 1
BreastsAngleDown.008,MESH,4630,2539,4931,2409,BreastsAngleDown.008,1,BlazerOpen 1
BreastsAngleUp.008,MESH,4630,2539,4931,2409,BreastsAngleUp.008,1,BlazerOpen 1
BreastsCone.008,MESH,4630,2539,4931,2409,BreastsCone.008,1,BlazerOpen 1
BreastsDown.008,MESH,4630,2539,4931,2409,BreastsDown.008,1,BlazerOpen 1
BreastsLarge.008,MESH,4630,2539,4931,2409,BreastsLarge.007,1,BlazerOpen 1
BreastsNarrow.008,MESH,4630,2539,4931,2409,BreastsNarrow.008,1,BlazerOpen 1
BreastsRound.008,MESH,4630,2539,4931,2409,BreastsRound.008,1,BlazerOpen 1
BreastsSmall.008,MESH,4630,2539,4931,2409,BreastsSmall.008,1,BlazerOpen 1
BreastsUp.008,MESH,4630,2539,4931,2409,BreastsUp.008,1,BlazerOpen 1
BreastsWide.008,MESH,4630,2539,4931,2409,BreastsWide.008,1,BlazerOpen 1
ButtDown.007,MESH,4630,2539,4931,2409,ButtDown.007,1,BlazerOpen 1
ButtIn.008,MESH,4630,2539,4931,2409,ButtIn.008,1,BlazerOpen 1
ButtNarrow.008,MESH,4630,2539,4931,2409,ButtNarrow.008,1,BlazerOpen 1
ButtOut.008,MESH,4630,2539,4931,2409,ButtOut.008,1,BlazerOpen 1
ButtUp.008,MESH,4630,2539,4931,2409,ButtUp.008,1,BlazerOpen 1
ButtWide.008,MESH,4630,2539,4931,2409,ButtWide.008,1,BlazerOpen 1
DeltoidsLarge.006,MESH,4630,2539,4931,2409,DeltoidsLarge.005,1,BlazerOpen 1
LoveHandlesIn.007,MESH,4630,2539,4931,2409,LoveHandlesIn.007,1,BlazerOpen 1
LoveHandlesOut.006,MESH,4630,2539,4931,2409,LoveHandlesOut.006,1,BlazerOpen 1
LowerArmsLarge.006,MESH,4630,2539,4931,2409,LowerArmsLarge.006,1,BlazerOpen 1
MidsectionNarrow.007,MESH,4630,2539,4931,2409,MidsectionNarrow.007,1,BlazerOpen 1
MidsectionWide.007,MESH,4630,2539,4931,2409,MidsectionWide.007,1,BlazerOpen 1
NeckObese.008,MESH,4630,2539,4931,2409,NeckObese.008,1,BlazerOpen 1
NeckThick.008,MESH,4630,2539,4931,2409,NeckThick.008,1,BlazerOpen 1
ThighsThick.007,MESH,4630,2539,4931,2409,ThighsThick.007,1,BlazerOpen 1
TrapsLarge.006,MESH,4630,2539,4931,2409,TrapsLarge.006,1,BlazerOpen 1
TricepsLarge.006,MESH,4630,2539,4931,2409,TricepsLarge.005,1,BlazerOpen 1
WaistThin.008,MESH,4630,2539,4931,2409,WaistThin.008,1,BlazerOpen 1
WaistWide.008,MESH,4630,2539,4931,2409,WaistWide.008,1,BlazerOpen 1
WristsThick.003,MESH,4630,2539,4931,2409,WristsThick.003,1,BlazerOpen 1
WristsThin.001,MESH,4630,2539,4931,2409,WristsThin.001,1,BlazerOpen 1
ChildishF.007,MESH,3564,1854,3664,1820,ChildishF.007,1,*TrenchF
Old.003,MESH,3564,1854,3664,1820,Old.003,1,*TrenchF
Tall.009,MESH,3564,1854,3664,1820,Tall.009,1,*TrenchF
SK_F_Jacket_TrenchCoatShort,MESH,3564,1854,3664,1820,SK_F_Jacket_TrenchCoatShort,1,*TrenchF
Petite.010,MESH,3564,1854,3664,1820,SK_F_Jacket_TrenchCoatShort.001,1,*TrenchF
SM_F_Jacket_TrenchCoat_Fat,MESH,3564,1854,3664,1820,SM_F_Jacket_TrenchCoat_Fat,1,*TrenchF
SM_F_Jacket_TrenchCoat_Muscular,MESH,3564,1854,3664,1820,SM_F_Jacket_TrenchCoat_Muscular,1,*TrenchF
SM_F_Jacket_TrenchCoat_Skinny,MESH,3564,1854,3664,1820,SM_F_Jacket_TrenchCoat_Skinny,1,*TrenchF
SM_F_Jacket_TrenchCoat_BreastsAngleDown,MESH,3564,1854,3664,1820,SM_F_Jacket_TrenchCoat_BreastsAngleDown,1,*TrenchF 1
SM_F_Jacket_TrenchCoat_BreastsBig,MESH,3564,1854,3664,1820,SM_F_Jacket_TrenchCoat_BreastsBig,1,*TrenchF 1
SM_F_Jacket_TrenchCoat_BreastsCone,MESH,3564,1854,3664,1820,SM_F_Jacket_TrenchCoat_BreastsCone,1,*TrenchF 1
SM_F_Jacket_TrenchCoat_BreastsDown,MESH,3564,1854,3664,1820,SM_F_Jacket_TrenchCoat_BreastsDown,1,*TrenchF 1
SM_F_Jacket_TrenchCoat_BreastsNarrow,MESH,3564,1854,3664,1820,SM_F_Jacket_TrenchCoat_BreastsNarrow,1,*TrenchF 1
SM_F_Jacket_TrenchCoat_BreastsRound,MESH,3564,1854,3664,1820,SM_F_Jacket_TrenchCoat_BreastsRound,1,*TrenchF 1
SM_F_Jacket_TrenchCoat_BreastsSmall,MESH,3564,1854,3664,1820,SM_F_Jacket_TrenchCoat_BreastsSmall,1,*TrenchF 1
SM_F_Jacket_TrenchCoat_BreastsUp,MESH,3564,1854,3664,1820,SM_F_Jacket_TrenchCoat_BreastsUp,1,*TrenchF 1
SM_F_Jacket_TrenchCoat_BreastsWide,MESH,3564,1854,3664,1820,SM_F_Jacket_TrenchCoat_BreastsWide,1,*TrenchF 1
SM_F_Jacket_TrenchCoat_ButtDown,MESH,3564,1854,3664,1820,SM_F_Jacket_TrenchCoat_ButtDown,1,*TrenchF 1
SM_F_Jacket_TrenchCoat_ButtIn,MESH,3564,1854,3664,1820,SM_F_Jacket_TrenchCoat_ButtIn,1,*TrenchF 1
SM_F_Jacket_TrenchCoat_ButtNarrow,MESH,3564,1854,3664,1820,SM_F_Jacket_TrenchCoat_ButtNarrow,1,*TrenchF 1
SM_F_Jacket_TrenchCoat_ButtOut,MESH,3564,1854,3664,1820,SM_F_Jacket_TrenchCoat_ButtOut,1,*TrenchF 1
SM_F_Jacket_TrenchCoat_ButtUp,MESH,3564,1854,3664,1820,SM_F_Jacket_TrenchCoat_ButtUp,1,*TrenchF 1
SM_F_Jacket_TrenchCoat_ButtWide,MESH,3564,1854,3664,1820,SM_F_Jacket_TrenchCoat_ButtWide,1,*TrenchF 1
SM_F_Jacket_TrenchCoat_DeltsBig,MESH,3564,1854,3664,1820,SM_F_Jacket_TrenchCoat_DeltsBig,1,*TrenchF 1
SM_F_Jacket_TrenchCoat_LoveHandlesIn,MESH,3564,1854,3664,1820,SM_F_Jacket_TrenchCoat_LoveHandlesIn,1,*TrenchF 1
SM_F_Jacket_TrenchCoat_LoveHandlesOut,MESH,3564,1854,3664,1820,SM_F_Jacket_TrenchCoat_LoveHandlesOut,1,*TrenchF 1
SM_F_Jacket_TrenchCoat_MidsectionNarrow,MESH,3564,1854,3664,1820,SM_F_Jacket_TrenchCoat_MidsectionNarrow,1,*TrenchF 1
SM_F_Jacket_TrenchCoat_MidsectionWide,MESH,3564,1854,3664,1820,SM_F_Jacket_TrenchCoat_MidsectionWide,1,*TrenchF 1
SM_F_Jacket_TrenchCoat_NeckFat,MESH,3564,1854,3664,1820,SM_F_Jacket_TrenchCoat_NeckFat,1,*TrenchF 1
SM_F_Jacket_TrenchCoat_NeckThick,MESH,3564,1854,3664,1820,SM_F_Jacket_TrenchCoat_NeckThick,1,*TrenchF 1
SM_F_Jacket_TrenchCoat_TrapsBig,MESH,3564,1854,3664,1820,SM_F_Jacket_TrenchCoat_TrapsBig,1,*TrenchF 1
SM_F_Jacket_TrenchCoat_WaistThin,MESH,3564,1854,3664,1820,SM_F_Jacket_TrenchCoat_WaistThin,1,*TrenchF 1
SM_F_Jacket_TrenchCoat_WaistWide,MESH,3564,1854,3664,1820,SM_F_Jacket_TrenchCoat_WaistWide,1,*TrenchF 1
SM_F_Jacket_MotoOpen,MESH,4294,2369,4556,2193,SM_F_Jacket_MotoOpen,1,*MotoOpen
ChildishF.008,MESH,4294,2369,4556,2193,ChildishF.008,1,*MotoOpen
Old.004,MESH,4294,2369,4556,2193,Old.004,1,*MotoOpen
Tall.010,MESH,4294,2369,4556,2193,Tall.010,1,*MotoOpen
Petite.011,MESH,4294,2369,4556,2193,SM_F_Jacket_MotoOpen.001,1,*MotoOpen
SM_F_Jacket_MotoOpen_Muscular,MESH,4294,2369,4556,2193,SM_F_Jacket_MotoOpen_Muscular,1,*MotoOpen
SM_F_Jacket_MotoOpen_Skinny,MESH,4294,2369,4556,2193,SM_F_Jacket_MotoOpen_Skinny,1,*MotoOpen
SM_F_Jacket_MotoOpen_Fat,MESH,4294,2369,4556,2193,SM_F_Jacket_MotoOpen_Fat,1,*MotoOpen
SM_F_Jacket_MotoOpen_BicepsBig,MESH,4294,2369,4556,2193,SM_F_Jacket_MotoOpen_BicepsBig,1,*MotoOpen 1
SM_F_Jacket_MotoOpen_BreastsAngleDown,MESH,4294,2369,4556,2193,SM_F_Jacket_MotoOpen_BreastsAngleDown,1,*MotoOpen 1
SM_F_Jacket_MotoOpen_BreastsAngleUp,MESH,4294,2369,4556,2193,SM_F_Jacket_MotoOpen_BreastsAngleUp,1,*MotoOpen 1
SM_F_Jacket_MotoOpen_BreastsBig,MESH,4294,2369,4556,2193,SM_F_Jacket_MotoOpen_BreastsBig,1,*MotoOpen 1
SM_F_Jacket_MotoOpen_BreastsCone,MESH,4294,2369,4556,2193,SM_F_Jacket_MotoOpen_BreastsCone,1,*MotoOpen 1
SM_F_Jacket_MotoOpen_BreastsDown,MESH,4294,2369,4556,2193,SM_F_Jacket_MotoOpen_BreastsDown,1,*MotoOpen 1
SM_F_Jacket_MotoOpen_BreastsNarrow,MESH,4294,2369,4556,2193,SM_F_Jacket_MotoOpen_BreastsNarrow,1,*MotoOpen 1
SM_F_Jacket_MotoOpen_BreastsRound,MESH,4294,2369,4556,2193,SM_F_Jacket_MotoOpen_BreastsRound,1,*MotoOpen 1
SM_F_Jacket_MotoOpen_BreastsSmall,MESH,4294,2369,4556,2193,SM_F_Jacket_MotoOpen_BreastsSmall,1,*MotoOpen 1
SM_F_Jacket_MotoOpen_BreastsUp,MESH,4294,2369,4556,2193,SM_F_Jacket_MotoOpen_BreastsUp,1,*MotoOpen 1
SM_F_Jacket_MotoOpen_BreastsWide,MESH,4294,2369,4556,2193,SM_F_Jacket_MotoOpen_BreastsWide,1,*MotoOpen 1
SM_F_Jacket_MotoOpen_ButtDown,MESH,4294,2369,4556,2193,SM_F_Jacket_MotoOpen_ButtDown,1,*MotoOpen 1
SM_F_Jacket_MotoOpen_ButtIn,MESH,4294,2369,4556,2193,SM_F_Jacket_MotoOpen_ButtIn,1,*MotoOpen 1
SM_F_Jacket_MotoOpen_ButtNarrow,MESH,4294,2369,4556,2193,SM_F_Jacket_MotoOpen_ButtNarrow,1,*MotoOpen 1
SM_F_Jacket_MotoOpen_ButtOut,MESH,4294,2369,4556,2193,SM_F_Jacket_MotoOpen_ButtOut,1,*MotoOpen 1
SM_F_Jacket_MotoOpen_ButtUp,MESH,4294,2369,4556,2193,SM_F_Jacket_MotoOpen_ButtUp,1,*MotoOpen 1
SM_F_Jacket_MotoOpen_ButtWide,MESH,4294,2369,4556,2193,SM_F_Jacket_MotoOpen_ButtWide,1,*MotoOpen 1
SM_F_Jacket_MotoOpen_DeltsBig,MESH,4294,2369,4556,2193,SM_F_Jacket_MotoOpen_DeltsBig,1,*MotoOpen 1
SM_F_Jacket_MotoOpen_ForearmBig,MESH,4294,2369,4556,2193,SM_F_Jacket_MotoOpen_ForearmBig,1,*MotoOpen 1
SM_F_Jacket_MotoOpen_LoveHandlesIn,MESH,4294,2369,4556,2193,SM_F_Jacket_MotoOpen_LoveHandlesIn,1,*MotoOpen 1
SM_F_Jacket_MotoOpen_MidsectionNarrow,MESH,4294,2369,4556,2193,SM_F_Jacket_MotoOpen_MidsectionNarrow,1,*MotoOpen 1
SM_F_Jacket_MotoOpen_TrapsBig,MESH,4294,2369,4556,2193,SM_F_Jacket_MotoOpen_TrapsBig,1,*MotoOpen 1
SM_F_Jacket_MotoOpen_TricepsBig,MESH,4294,2369,4556,2193,SM_F_Jacket_MotoOpen_TricepsBig,1,*MotoOpen 1
SM_F_Jacket_MotoOpen_WaistThin,MESH,4294,2369,4556,2193,SM_F_Jacket_MotoOpen_WaistThin,1,*MotoOpen 1
SM_F_Jacket_MotoOpen_WaistWide,MESH,4294,2369,4556,2193,SM_F_Jacket_MotoOpen_WaistWide,1,*MotoOpen 1
SM_F_Jacket_MotoOpen_WristThin,MESH,4294,2369,4556,2193,SM_F_Jacket_MotoOpen_WristThin,1,*MotoOpen 1
SM_F_Jacket_Moto2,MESH,2528,1291,2644,1353,SM_F_Jacket_Moto2,1,*Moto2
Old.005,MESH,2528,1291,2644,1353,Old.005,1,*Moto2
ChildishF.009,MESH,2528,1291,2644,1353,ChildishF.009,1,*Moto2
Tall.011,MESH,2528,1291,2644,1353,Tall.011,1,*Moto2
Petite.012,MESH,2528,1291,2644,1353,SM_F_Jacket_Moto2.001,1,*Moto2
SM_F_Jacket_Moto2_Fat,MESH,2528,1291,2644,1353,SM_F_Jacket_Moto2_Fat,1,*Moto2
SM_F_Jacket_Moto2_Skinny,MESH,2528,1291,2644,1353,SM_F_Jacket_Moto2_Skinny,1,*Moto2
SM_F_Jacket_MotoClosed_Muscular,MESH,2528,1291,2644,1353,SM_F_Jacket_MotoClosed_Muscular,1,*Moto2
SM_F_Jacket_Moto2_BreastsAngleDown,MESH,2528,1291,2644,1353,SM_F_Jacket_Moto2_BreastsAngleDown,1,Moto2 1
SM_F_Jacket_Moto2_BreastsBig,MESH,2528,1291,2644,1353,SM_F_Jacket_Moto2_BreastsBig,1,Moto2 1
SM_F_Jacket_Moto2_BreastsCone,MESH,2528,1291,2644,1353,SM_F_Jacket_Moto2_BreastsCone,1,Moto2 1
SM_F_Jacket_Moto2_BreastsDown,MESH,2528,1291,2644,1353,SM_F_Jacket_Moto2_BreastsDown,1,Moto2 1
SM_F_Jacket_Moto2_BreastsRound,MESH,2528,1291,2644,1353,SM_F_Jacket_Moto2_BreastsRound,1,Moto2 1
SM_F_Jacket_Moto2_BreastsSmall,MESH,2528,1291,2644,1353,SM_F_Jacket_Moto2_BreastsSmall,1,Moto2 1
SM_F_Jacket_Moto2_BreastsUp,MESH,2528,1291,2644,1353,SM_F_Jacket_Moto2_BreastsUp,1,Moto2 1
SM_F_Jacket_Moto2_ButtDown,MESH,2528,1291,2644,1353,SM_F_Jacket_Moto2_ButtDown,1,Moto2 1
SM_F_Jacket_Moto2_ButtIn,MESH,2528,1291,2644,1353,SM_F_Jacket_Moto2_ButtIn,1,Moto2 1
SM_F_Jacket_Moto2_ButtNarrow,MESH,2528,1291,2644,1353,SM_F_Jacket_Moto2_ButtNarrow,1,Moto2 1
SM_F_Jacket_Moto2_ButtOut,MESH,2528,1291,2644,1353,SM_F_Jacket_Moto2_ButtOut,1,Moto2 1
SM_F_Jacket_Moto2_ButtUp,MESH,2528,1291,2644,1353,SM_F_Jacket_Moto2_ButtUp,1,Moto2 1
SM_F_Jacket_Moto2_ButtWide,MESH,2528,1291,2644,1353,SM_F_Jacket_Moto2_ButtWide,1,Moto2 1
SM_F_Jacket_Moto2_DeltsBig,MESH,2528,1291,2644,1353,SM_F_Jacket_Moto2_DeltsBig,1,Moto2 1
SM_F_Jacket_Moto2_ForearmsBig,MESH,2528,1291,2644,1353,SM_F_Jacket_Moto2_ForearmsBig,1,Moto2 1
SM_F_Jacket_Moto2_LoveHandlesIn,MESH,2528,1291,2644,1353,SM_F_Jacket_Moto2_LoveHandlesIn,1,Moto2 1
SM_F_Jacket_Moto2_MidsectionNarrow,MESH,2528,1291,2644,1353,SM_F_Jacket_Moto2_MidsectionNarrow,1,Moto2 1
SM_F_Jacket_Moto2_TrapsBig,MESH,2528,1291,2644,1353,SM_F_Jacket_Moto2_TrapsBig,1,Moto2 1
SM_F_Jacket_Moto2_WaistThin,MESH,2528,1291,2644,1353,SM_F_Jacket_Moto2_WaistThin,1,Moto2 1
SM_F_Jacket_Moto2_WaistWide,MESH,2528,1291,2644,1353,SM_F_Jacket_Moto2_WaistWide,1,Moto2 1
SM_F_Jacket_Moto2_WristThin,MESH,2528,1291,2644,1353,SM_F_Jacket_Moto2_WristThin,1,Moto2 1
Tall.012,MESH,4222,2276,4427,2155,Tall.012,1,*MotoClosed
ChildishF.010,MESH,4222,2276,4427,2155,ChildishF.010,1,*MotoClosed
Old.006,MESH,4222,2276,4427,2155,Old.006,1,*MotoClosed
SM_F_Jacket_MotoClosed,MESH,4222,2276,4427,2155,SM_F_Jacket_MotoClosed,1,*MotoClosed
SM_F_Jacket_MotoClosed_Fat,MESH,4222,2276,4427,2155,SM_F_Jacket_MotoClosed_Fat,1,*MotoClosed
SM_F_Jacket_MotoClosed_Muscular.001,MESH,4222,2276,4427,2155,SM_F_Jacket_MotoClosed_Muscular.001,1,*MotoClosed
SM_F_Jacket_MotoClosed_Skinny,MESH,4222,2276,4427,2155,SM_F_Jacket_MotoClosed_Skinny,1,*MotoClosed
BicepsLarge.007,MESH,4222,2276,4427,2155,BicepsLarge.006,1,MotoClosed 1
BreastsAngleDown.011,MESH,4222,2276,4427,2155,BreastsAngleDown.011,1,MotoClosed 1
BreastsAngleUp.011,MESH,4222,2276,4427,2155,BreastsAngleUp.011,1,MotoClosed 1
BreastsCone.011,MESH,4222,2276,4427,2155,BreastsCone.011,1,MotoClosed 1
BreastsDown.011,MESH,4222,2276,4427,2155,BreastsDown.011,1,MotoClosed 1
BreastsLarge.010,MESH,4222,2276,4427,2155,BreastsLarge.009,1,MotoClosed 1
BreastsNarrow.011,MESH,4222,2276,4427,2155,BreastsNarrow.011,1,MotoClosed 1
BreastsRound.011,MESH,4222,2276,4427,2155,BreastsRound.011,1,MotoClosed 1
BreastsSmall.011,MESH,4222,2276,4427,2155,BreastsSmall.011,1,MotoClosed 1
BreastsUp.011,MESH,4222,2276,4427,2155,BreastsUp.011,1,MotoClosed 1
BreastsWide.011,MESH,4222,2276,4427,2155,BreastsWide.011,1,MotoClosed 1
ButtDown.018,MESH,4222,2276,4427,2155,ButtDown.018,1,MotoClosed 1
ButtIn.019,MESH,4222,2276,4427,2155,ButtIn.019,1,MotoClosed 1
ButtOut.019,MESH,4222,2276,4427,2155,ButtOut.019,1,MotoClosed 1
ButtUp.019,MESH,4222,2276,4427,2155,ButtUp.019,1,MotoClosed 1
ButtWide.019,MESH,4222,2276,4427,2155,ButtWide.019,1,MotoClosed 1
DeltoidsLarge.008,MESH,4222,2276,4427,2155,DeltoidsLarge.007,1,MotoClosed 1
ForearmLarge.001,MESH,4222,2276,4427,2155,ForearmLarge.001,1,MotoClosed 1
LoveHandlesIn.017,MESH,4222,2276,4427,2155,LoveHandlesIn.017,1,MotoClosed 1
LoveHandlesOut.016,MESH,4222,2276,4427,2155,LoveHandlesOut.016,1,MotoClosed 1
MidsectionNarrow.019,MESH,4222,2276,4427,2155,MidsectionNarrow.019,1,MotoClosed 1
MidsectionWide.020,MESH,4222,2276,4427,2155,MidsectionWide.020,1,MotoClosed 1
NeckObese.017,MESH,4222,2276,4427,2155,NeckObese.017,1,MotoClosed 1
NeckThick.017,MESH,4222,2276,4427,2155,NeckThick.017,1,MotoClosed 1
TrapsLarge.009,MESH,4222,2276,4427,2155,TrapsLarge.009,1,MotoClosed 1
TricepsLarge.008,MESH,4222,2276,4427,2155,TricepsLarge.007,1,MotoClosed 1
WaistThin.019,MESH,4222,2276,4427,2155,WaistThin.019,1,MotoClosed 1
WaistWide.018,MESH,4222,2276,4427,2155,WaistWide.018,1,MotoClosed 1
WristThick.006,MESH,4222,2276,4427,2155,WristThick.006,1,MotoClosed 1
WristThin.006,MESH,4222,2276,4427,2155,WristThin.006,1,MotoClosed 1
Tall.013,MESH,3958,2194,4173,1981,Tall.013,1,*LeatherJacketOpenM
ChildishF.011,MESH,3958,2194,4173,1981,ChildishF.011,1,*LeatherJacketOpenM
Old.007,MESH,3958,2194,4173,1981,Old.007,1,*LeatherJacketOpenM
LeatherJacketOpenM,MESH,3958,2194,4173,1981,LeatherJacketOpenM,1,*LeatherJacketOpenM
Muscular.026,MESH,3958,2194,4173,1981,Muscular.026,1,*LeatherJacketOpenM
Skinny.039,MESH,3958,2194,4173,1981,Skinny.039,1,*LeatherJacketOpenM
BreastsAngleUp.012,MESH,3958,2194,4173,1981,BreastsAngleUp.012,1,LeatherJacketOpenM 1
BreastsAngleDown.012,MESH,3958,2194,4173,1981,BreastsAngleDown.012,1,LeatherJacketOpenM 1
BreastsRound.012,MESH,3958,2194,4173,1981,BreastsRound.012,1,LeatherJacketOpenM 1
BreastsCone.012,MESH,3958,2194,4173,1981,BreastsCone.012,1,LeatherJacketOpenM 1
BreastsSmall.012,MESH,3958,2194,4173,1981,BreastsSmall.012,1,LeatherJacketOpenM 1
BreastsLarge.011,MESH,3958,2194,4173,1981,BreastsLarge.010,1,LeatherJacketOpenM 1
BreastsUp.012,MESH,3958,2194,4173,1981,BreastsUp.012,1,LeatherJacketOpenM 1
BreastsDown.012,MESH,3958,2194,4173,1981,BreastsDown.012,1,LeatherJacketOpenM 1
BreastsWide.012,MESH,3958,2194,4173,1981,BreastsWide.012,1,LeatherJacketOpenM 1
BreastsNarrow.012,MESH,3958,2194,4173,1981,BreastsNarrow.012,1,LeatherJacketOpenM 1
ButtOut.020,MESH,3958,2194,4173,1981,ButtOut.020,1,LeatherJacketOpenM 1
ButtIn.020,MESH,3958,2194,4173,1981,ButtIn.020,1,LeatherJacketOpenM 1
ButtUp.020,MESH,3958,2194,4173,1981,ButtUp.020,1,LeatherJacketOpenM 1
ButtDown.019,MESH,3958,2194,4173,1981,ButtDown.019,1,LeatherJacketOpenM 1
ButtNarrow.019,MESH,3958,2194,4173,1981,ButtNarrow.019,1,LeatherJacketOpenM 1
ButtWide.020,MESH,3958,2194,4173,1981,ButtWide.020,1,LeatherJacketOpenM 1
ThighsThick.018,MESH,3958,2194,4173,1981,ThighsThick.018,1,LeatherJacketOpenM 1
LoveHandlesOut.017,MESH,3958,2194,4173,1981,LoveHandlesOut.017,1,LeatherJacketOpenM 1
LoveHandlesIn.018,MESH,3958,2194,4173,1981,LoveHandlesIn.018,1,LeatherJacketOpenM 1
MidsectionWide.021,MESH,3958,2194,4173,1981,MidsectionWide.021,1,LeatherJacketOpenM 1
MidsectionNarrrow.001,MESH,3958,2194,4173,1981,MidsectionNarrrow.001,1,LeatherJacketOpenM 1
WaistThin.020,MESH,3958,2194,4173,1981,WaistThin.020,1,LeatherJacketOpenM 1
WaistWide.019,MESH,3958,2194,4173,1981,WaistWide.019,1,LeatherJacketOpenM 1
WristThin.007,MESH,3958,2194,4173,1981,WristThin.007,1,LeatherJacketOpenM 1
WristThick.007,MESH,3958,2194,4173,1981,WristThick.007,1,LeatherJacketOpenM 1
TrapsLarge.010,MESH,3958,2194,4173,1981,TrapsLarge.010,1,LeatherJacketOpenM 1
DeltoidsLarge.009,MESH,3958,2194,4173,1981,DeltoidsLarge.008,1,LeatherJacketOpenM 1
ForearmsLarge.005,MESH,3958,2194,4173,1981,ForearmsLarge.004,1,LeatherJacketOpenM 1
TricepsLarge.009,MESH,3958,2194,4173,1981,TricepsLarge.008,1,LeatherJacketOpenM 1
BicepsLarge.008,MESH,3958,2194,4173,1981,BicepsLarge.007,1,LeatherJacketOpenM 1
NeckThick.018,MESH,3958,2194,4173,1981,NeckThick.018,1,LeatherJacketOpenM 1
NeckObese.018,MESH,3958,2194,4173,1981,NeckObese.018,1,LeatherJacketOpenM 1
Tall.014,MESH,5609,2942,5783,2841,Tall.014,1,LeatherJacketClosedM
ChildishF.012,MESH,5609,2942,5783,2841,ChildishF.012,1,LeatherJacketClosedM
Old.008,MESH,5609,2942,5783,2841,Old.008,1,LeatherJacketClosedM
Skinny.040,MESH,5609,2942,5783,2841,Skinny.040,1,LeatherJacketClosedM
Muscular.027,MESH,5609,2942,5783,2841,Muscular.027,1,LeatherJacketClosedM
LeatherClosedM,MESH,5609,2942,5783,2841,LeatherClosedM,1,LeatherJacketClosedM
BreastsAngleUp.014,MESH,5609,2942,5783,2841,BreastsAngleUp.014,1,LeatherJacketClosedM 1
BicepsLarge.010,MESH,5609,2942,5783,2841,BicepsLarge.009,1,LeatherJacketClosedM 1
BreastsAngleDown.014,MESH,5609,2942,5783,2841,BreastsAngleDown.014,1,LeatherJacketClosedM 1
BreastsCone.014,MESH,5609,2942,5783,2841,BreastsCone.014,1,LeatherJacketClosedM 1
BreastsDown.014,MESH,5609,2942,5783,2841,BreastsDown.014,1,LeatherJacketClosedM 1
BreastsLarge.013,MESH,5609,2942,5783,2841,BreastsLarge.012,1,LeatherJacketClosedM 1
BreastsNarrow.014,MESH,5609,2942,5783,2841,BreastsNarrow.014,1,LeatherJacketClosedM 1
BreastsRound.014,MESH,5609,2942,5783,2841,BreastsRound.014,1,LeatherJacketClosedM 1
BreastsSmall.014,MESH,5609,2942,5783,2841,BreastsSmall.014,1,LeatherJacketClosedM 1
BreastsUp.014,MESH,5609,2942,5783,2841,BreastsUp.014,1,LeatherJacketClosedM 1
BreastsWide.014,MESH,5609,2942,5783,2841,BreastsWide.014,1,LeatherJacketClosedM 1
ButtDown.021,MESH,5609,2942,5783,2841,ButtDown.021,1,LeatherJacketClosedM 1
ButtIn.022,MESH,5609,2942,5783,2841,ButtIn.022,1,LeatherJacketClosedM 1
ButtNarrow.021,MESH,5609,2942,5783,2841,ButtNarrow.021,1,LeatherJacketClosedM 1
ButtOut.022,MESH,5609,2942,5783,2841,ButtOut.022,1,LeatherJacketClosedM 1
ButtUp.022,MESH,5609,2942,5783,2841,ButtUp.022,1,LeatherJacketClosedM 1
ButtWide.022,MESH,5609,2942,5783,2841,ButtWide.022,1,LeatherJacketClosedM 1
DeltoidsLarge.011,MESH,5609,2942,5783,2841,DeltoidsLarge.010,1,LeatherJacketClosedM 1
ForearmLarge.002,MESH,5609,2942,5783,2841,ForearmLarge.002,1,LeatherJacketClosedM 1
LoveHandlesIn.020,MESH,5609,2942,5783,2841,LoveHandlesIn.020,1,LeatherJacketClosedM 1
LoveHandlesOut.019,MESH,5609,2942,5783,2841,LoveHandlesOut.019,1,LeatherJacketClosedM 1
MidsectionNarrow.021,MESH,5609,2942,5783,2841,MidsectionNarrow.021,1,LeatherJacketClosedM 1
MidsectionWide.023,MESH,5609,2942,5783,2841,MidsectionWide.023,1,LeatherJacketClosedM 1
ThighsThick.020,MESH,5609,2942,5783,2841,ThighsThick.020,1,LeatherJacketClosedM 1
TrapsLarge.012,MESH,5609,2942,5783,2841,TrapsLarge.012,1,LeatherJacketClosedM 1
TricepsLarge.011,MESH,5609,2942,5783,2841,TricepsLarge.010,1,LeatherJacketClosedM 1
WaistThin.022,MESH,5609,2942,5783,2841,WaistThin.022,1,LeatherJacketClosedM 1
WaistWide.021,MESH,5609,2942,5783,2841,WaistWide.021,1,LeatherJacketClosedM 1
WristThick.008,MESH,5609,2942,5783,2841,WristThick.008,1,LeatherJacketClosedM 1
WristThin.009,MESH,5609,2942,5783,2841,WristThin.009,1,LeatherJacketClosedM 1
ChildishF.032,MESH,2552,1339,2645,1317,ChildishF.030,1,*TrenchM
Old.020,MESH,2552,1339,2645,1317,Old.020,1,*TrenchM
Tall.043,MESH,2552,1339,2645,1317,Tall.040,1,*TrenchM
Skinny.041,MESH,2552,1339,2645,1317,Skinny.041,1,*TrenchM
Muscular.028,MESH,2552,1339,2645,1317,Muscular.028,1,*TrenchM
Obese.049,MESH,2552,1339,2645,1317,Obese.046,1,*TrenchM
TrenchM,MESH,2552,1339,2645,1317,TrenchM,1,*TrenchM
BicepsLarge.009,MESH,2552,1339,2645,1317,BicepsLarge.008,1,TrenchM 1
BreastsAngleDown.013,MESH,2552,1339,2645,1317,BreastsAngleDown.013,1,TrenchM 1
BreastsAngleUp.013,MESH,2552,1339,2645,1317,BreastsAngleUp.013,1,TrenchM 1
BreastsCone.013,MESH,2552,1339,2645,1317,BreastsCone.013,1,TrenchM 1
BreastsDown.013,MESH,2552,1339,2645,1317,BreastsDown.013,1,TrenchM 1
BreastsLarge.012,MESH,2552,1339,2645,1317,BreastsLarge.011,1,TrenchM 1
BreastsNarrow.013,MESH,2552,1339,2645,1317,BreastsNarrow.013,1,TrenchM 1
BreastsRound.013,MESH,2552,1339,2645,1317,BreastsRound.013,1,TrenchM 1
BreastsSmall.013,MESH,2552,1339,2645,1317,BreastsSmall.013,1,TrenchM 1
BreastsUp.013,MESH,2552,1339,2645,1317,BreastsUp.013,1,TrenchM 1
BreastsWide.013,MESH,2552,1339,2645,1317,BreastsWide.013,1,TrenchM 1
ButtDown.020,MESH,2552,1339,2645,1317,ButtDown.020,1,TrenchM 1
ButtIn.021,MESH,2552,1339,2645,1317,ButtIn.021,1,TrenchM 1
ButtNarrow.020,MESH,2552,1339,2645,1317,ButtNarrow.020,1,TrenchM 1
ButtOut.021,MESH,2552,1339,2645,1317,ButtOut.021,1,TrenchM 1
ButtUp.021,MESH,2552,1339,2645,1317,ButtUp.021,1,TrenchM 1
ButtWide.021,MESH,2552,1339,2645,1317,ButtWide.021,1,TrenchM 1
DeltoidsLarge.010,MESH,2552,1339,2645,1317,DeltoidsLarge.009,1,TrenchM 1
ForearmsLarge.006,MESH,2552,1339,2645,1317,ForearmsLarge.005,1,TrenchM 1
LoveHandlesIn.019,MESH,2552,1339,2645,1317,LoveHandlesIn.019,1,TrenchM 1
LoveHandlesOut.018,MESH,2552,1339,2645,1317,LoveHandlesOut.018,1,TrenchM 1
MidsectionNarrow.020,MESH,2552,1339,2645,1317,MidsectionNarrow.020,1,TrenchM 1
MidsectionWide.022,MESH,2552,1339,2645,1317,MidsectionWide.022,1,TrenchM 1
NeckObese.019,MESH,2552,1339,2645,1317,NeckObese.019,1,TrenchM 1
NeckThick.019,MESH,2552,1339,2645,1317,NeckThick.019,1,TrenchM 1
ThighsThick.019,MESH,2552,1339,2645,1317,ThighsThick.019,1,TrenchM 1
TrapsLarge.011,MESH,2552,1339,2645,1317,TrapsLarge.011,1,TrenchM 1
TricepsLarge.010,MESH,2552,1339,2645,1317,TricepsLarge.009,1,TrenchM 1
WaistThin.021,MESH,2552,1339,2645,1317,WaistThin.021,1,TrenchM 1
WaistWide.020,MESH,2552,1339,2645,1317,WaistWide.020,1,TrenchM 1
WristThin.008,MESH,2552,1339,2645,1317,WristThin.008,1,TrenchM 1
WristWide,MESH,2552,1339,2645,1317,WristWide,1,TrenchM 1
SM_F_Top_TacticalShirt,MESH,1926,1021,1984,965,SM_F_Top_TacticalShirt,1,Sk_F_Top_TacticalShirt
Tall.002,MESH,1926,1021,1984,965,Tall.002,1,Sk_F_Top_TacticalShirt
SM_F_Top_TacticalShirt_Fat,MESH,1926,1021,1984,965,SM_F_Top_TacticalShirt_Fat,1,Sk_F_Top_TacticalShirt
SM_F_Top_TacticalShirt_Muscular,MESH,1926,1021,1984,965,SM_F_Top_TacticalShirt_Muscular,1,Sk_F_Top_TacticalShirt
SM_F_Top_TacticalShirt_Skinny,MESH,1926,1021,1984,965,SM_F_Top_TacticalShirt_Skinny,1,Sk_F_Top_TacticalShirt
ChildishF.033,MESH,1926,1021,1984,965,ChildishF.031,1,Sk_F_Top_TacticalShirt
Old.021,MESH,1926,1021,1984,965,Old.021,1,Sk_F_Top_TacticalShirt
Sk_F_Top_TacticalShirt_BicepBig,MESH,1926,1021,1984,965,SM_F_Top_TacticalShirt_BicepBig,1,Sk_F_Top_TacticalShirt Shape Keys
SM_F_Top_TacticalShirt_BreastsAngleDown,MESH,1926,1021,1984,965,SM_F_Top_TacticalShirt_BreastsAngleDown,1,Sk_F_Top_TacticalShirt Shape Keys
SM_F_Top_TacticalShirt_BreastsAngleUp,MESH,1926,1021,1984,965,SM_F_Top_TacticalShirt_BreastsAngleUp,1,Sk_F_Top_TacticalShirt Shape Keys
SM_F_Top_TacticalShirt_BreastsBig,MESH,1926,1021,1984,965,SM_F_Top_TacticalShirt_BreastsBig,1,Sk_F_Top_TacticalShirt Shape Keys
SM_F_Top_TacticalShirt_BreastsCone,MESH,1926,1021,1984,965,SM_F_Top_TacticalShirt_BreastsCone,1,Sk_F_Top_TacticalShirt Shape Keys
SM_F_Top_TacticalShirt_BreastsDown,MESH,1926,1021,1984,965,SM_F_Top_TacticalShirt_BreastsDown,1,Sk_F_Top_TacticalShirt Shape Keys
SM_F_Top_TacticalShirt_BreastsNarrow,MESH,1926,1021,1984,965,SM_F_Top_TacticalShirt_BreastsNarrow,1,Sk_F_Top_TacticalShirt Shape Keys
SM_F_Top_TacticalShirt_BreastsRound,MESH,1926,1021,1984,965,SM_F_Top_TacticalShirt_BreastsRound,1,Sk_F_Top_TacticalShirt Shape Keys
SM_F_Top_TacticalShirt_BreastsSmall,MESH,1926,1021,1984,965,SM_F_Top_TacticalShirt_BreastsSmall,1,Sk_F_Top_TacticalShirt Shape Keys
SM_F_Top_TacticalShirt_BreastsUp,MESH,1926,1021,1984,965,SM_F_Top_TacticalShirt_BreastsUp,1,Sk_F_Top_TacticalShirt Shape Keys
SM_F_Top_TacticalShirt_BreastsWide,MESH,1926,1021,1984,965,SM_F_Top_TacticalShirt_BreastsWide,1,Sk_F_Top_TacticalShirt Shape Keys
SM_F_Top_TacticalShirt_ButtDown,MESH,1926,1021,1984,965,SM_F_Top_TacticalShirt_ButtDown,1,Sk_F_Top_TacticalShirt Shape Keys
SM_F_Top_TacticalShirt_ButtIn,MESH,1926,1021,1984,965,SM_F_Top_TacticalShirt_ButtIn,1,Sk_F_Top_TacticalShirt Shape Keys
SM_F_Top_TacticalShirt_ButtNarrow,MESH,1926,1021,1984,965,SM_F_Top_TacticalShirt_ButtNarrow,1,Sk_F_Top_TacticalShirt Shape Keys
SM_F_Top_TacticalShirt_ButtOut,MESH,1926,1021,1984,965,SM_F_Top_TacticalShirt_ButtOut,1,Sk_F_Top_TacticalShirt Shape Keys
SM_F_Top_TacticalShirt_ButtUp,MESH,1926,1021,1984,965,SM_F_Top_TacticalShirt_ButtUp,1,Sk_F_Top_TacticalShirt Shape Keys
SM_F_Top_TacticalShirt_ButtWide,MESH,1926,1021,1984,965,SM_F_Top_TacticalShirt_ButtWide,1,Sk_F_Top_TacticalShirt Shape Keys
SM_F_Top_TacticalShirt_ForearmBig,MESH,1926,1021,1984,965,SM_F_Top_TacticalShirt_ForearmBig,1,Sk_F_Top_TacticalShirt Shape Keys
SM_F_Top_TacticalShirt_LoveHandlesIn,MESH,1926,1021,1984,965,SM_F_Top_TacticalShirt_LoveHandlesIn,1,Sk_F_Top_TacticalShirt Shape Keys
SM_F_Top_TacticalShirt_MidsectionNarrow,MESH,1926,1021,1984,965,SM_F_Top_TacticalShirt_MidsectionNarrow,1,Sk_F_Top_TacticalShirt Shape Keys
SM_F_Top_TacticalShirt_MidsectionWide,MESH,1926,1021,1984,965,SM_F_Top_TacticalShirt_MidsectionWide,1,Sk_F_Top_TacticalShirt Shape Keys
SM_F_Top_TacticalShirt_TrapsBig,MESH,1926,1021,1984,965,SM_F_Top_TacticalShirt_TrapsBig,1,Sk_F_Top_TacticalShirt Shape Keys
SM_F_Top_TacticalShirt_TricepsBig,MESH,1926,1021,1984,965,SM_F_Top_TacticalShirt_TricepsBig,1,Sk_F_Top_TacticalShirt Shape Keys
SM_F_Top_TacticalShirt_WaistThin,MESH,1926,1021,1984,965,SM_F_Top_TacticalShirt_WaistThin,1,Sk_F_Top_TacticalShirt Shape Keys
SM_F_Top_TacticalShirt_WaistWide,MESH,1926,1021,1984,965,SM_F_Top_TacticalShirt_WaistWide,1,Sk_F_Top_TacticalShirt Shape Keys
SM_F_Top_TacticalShirt_WristThin,MESH,1926,1021,1984,965,SM_F_Top_TacticalShirt_WristThin,1,Sk_F_Top_TacticalShirt Shape Keys
SM_F_Top_CropTop,MESH,986,530,1023,495,SM_F_Top_CropTop,1,SM_F_Top_CropTop
Tall.001,MESH,986,530,1023,495,Tall.001,1,SM_F_Top_CropTop
SM_F_Top_CropTop_Fat,MESH,986,530,1023,495,SM_F_Top_CropTop_Fat,1,SM_F_Top_CropTop
SM_F_Top_CropTop_Muscular,MESH,986,530,1023,495,SM_F_Top_CropTop_Muscular,1,SM_F_Top_CropTop
SM_F_Top_CropTop_Skinny,MESH,986,530,1023,495,SM_F_Top_CropTop_Skinny,1,SM_F_Top_CropTop
ChilishF,MESH,986,530,1023,495,ChilishF,1,SM_F_Top_CropTop
Old.022,MESH,986,530,1023,495,Old.022,1,SM_F_Top_CropTop
SM_F_Top_CropTop_BicepsBig,MESH,986,530,1023,495,SM_F_Top_CropTop_BicepsBig,1,SM_F_Top_CropTop Shpe Keys
SM_F_Top_CropTop_BreastsAngleDown,MESH,986,530,1023,495,SM_F_Top_CropTop_BreastsAngleDown,1,SM_F_Top_CropTop Shpe Keys
SM_F_Top_CropTop_BreastsAngleUp,MESH,986,530,1023,495,SM_F_Top_CropTop_BreastsAngleUp,1,SM_F_Top_CropTop Shpe Keys
SM_F_Top_CropTop_BreastsBig,MESH,986,530,1023,495,SM_F_Top_CropTop_BreastsBig,1,SM_F_Top_CropTop Shpe Keys
SM_F_Top_CropTop_BreastsCone,MESH,986,530,1023,495,SM_F_Top_CropTop_BreastsCone,1,SM_F_Top_CropTop Shpe Keys
SM_F_Top_CropTop_BreastsDown,MESH,986,530,1023,495,SM_F_Top_CropTop_BreastsDown,1,SM_F_Top_CropTop Shpe Keys
SM_F_Top_CropTop_BreastsNarrow,MESH,986,530,1023,495,SM_F_Top_CropTop_BreastsNarrow,1,SM_F_Top_CropTop Shpe Keys
SM_F_Top_CropTop_BreastsRound,MESH,986,530,1023,495,SM_F_Top_CropTop_BreastsRound,1,SM_F_Top_CropTop Shpe Keys
SM_F_Top_CropTop_BreastsSmall,MESH,986,530,1023,495,SM_F_Top_CropTop_BreastsSmall,1,SM_F_Top_CropTop Shpe Keys
SM_F_Top_CropTop_BreastsUp,MESH,986,530,1023,495,SM_F_Top_CropTop_BreastsUp,1,SM_F_Top_CropTop Shpe Keys
SM_F_Top_CropTop_BreastsWide,MESH,986,530,1023,495,SM_F_Top_CropTop_BreastsWide,1,SM_F_Top_CropTop Shpe Keys
SM_F_Top_CropTop_ButtIn,MESH,986,530,1023,495,SM_F_Top_CropTop_ButtIn,1,SM_F_Top_CropTop Shpe Keys
SM_F_Top_CropTop_ButtOut,MESH,986,530,1023,495,SM_F_Top_CropTop_ButtOut,1,SM_F_Top_CropTop Shpe Keys
SM_F_Top_CropTop_ButtUp,MESH,986,530,1023,495,SM_F_Top_CropTop_ButtUp,1,SM_F_Top_CropTop Shpe Keys
SM_F_Top_CropTop_DeltsBig,MESH,986,530,1023,495,SM_F_Top_CropTop_DeltsBig,1,SM_F_Top_CropTop Shpe Keys
SM_F_Top_CropTop_LoveHandlesIn,MESH,986,530,1023,495,SM_F_Top_CropTop_LoveHandlesIn,1,SM_F_Top_CropTop Shpe Keys
SM_F_Top_CropTop_MidsectionNarrow,MESH,986,530,1023,495,SM_F_Top_CropTop_MidsectionNarrow,1,SM_F_Top_CropTop Shpe Keys
SM_F_Top_CropTop_TrapsBig,MESH,986,530,1023,495,SM_F_Top_CropTop_TrapsBig,1,SM_F_Top_CropTop Shpe Keys
SM_F_Top_CropTop_TricepsBig,MESH,986,530,1023,495,SM_F_Top_CropTop_TricepsBig,1,SM_F_Top_CropTop Shpe Keys
SM_F_Top_CropTop_WaistThin,MESH,986,530,1023,495,SM_F_Top_CropTop_WaistThin,1,SM_F_Top_CropTop Shpe Keys
SM_F_Top_CropTop_WaistWide,MESH,986,530,1023,495,SM_F_Top_CropTop_WaistWide,1,SM_F_Top_CropTop Shpe Keys
SK_F_Top_Police,MESH,2690,1457,2802,1359,SK_F_Top_Police,1,SK_F_Top_Police
Muscular.001,MESH,2690,1457,2802,1359,Muscular.001,1,SK_F_Top_Police
Obese.003,MESH,2690,1457,2802,1359,Obese.002,1,SK_F_Top_Police
Skinny.001,MESH,2690,1457,2802,1359,Skinny.001,1,SK_F_Top_Police
ChildishF.034,MESH,2690,1457,2802,1359,ChildishF.032,1,SK_F_Top_Police
Old.023,MESH,2690,1457,2802,1359,Old.023,1,SK_F_Top_Police
Tall.064,MESH,2690,1457,2802,1359,Tall.061,1,SK_F_Top_Police
BicepsLarge.001,MESH,2690,1457,2802,1359,BicepsLarge,1,Police 1
BreastsAngleDown.001,MESH,2690,1457,2802,1359,BreastsAngleDown.001,1,Police 1
BreastsAngleUp.001,MESH,2690,1457,2802,1359,BreastsAngleUp.001,1,Police 1
BreastsCone.001,MESH,2690,1457,2802,1359,BreastsCone.001,1,Police 1
BreastsDown.001,MESH,2690,1457,2802,1359,BreastsDown.001,1,Police 1
BreastsLarge.001,MESH,2690,1457,2802,1359,BreastsLarge,1,Police 1
BreastsNarrow.001,MESH,2690,1457,2802,1359,BreastsNarrow.001,1,Police 1
BreastsRound.001,MESH,2690,1457,2802,1359,BreastsRound.001,1,Police 1
BreastsSmall.001,MESH,2690,1457,2802,1359,BreastsSmall.001,1,Police 1
BreastsUp.001,MESH,2690,1457,2802,1359,BreastsUp.001,1,Police 1
BreastsWide.001,MESH,2690,1457,2802,1359,BreastsWide.001,1,Police 1
ButtDown,MESH,2690,1457,2802,1359,ButtDown,1,Police 1
ButtIn.001,MESH,2690,1457,2802,1359,ButtIn.001,1,Police 1
ButtNarrow.001,MESH,2690,1457,2802,1359,ButtNarrow.001,1,Police 1
ButtOut.001,MESH,2690,1457,2802,1359,ButtOut.001,1,Police 1
ButtUp.001,MESH,2690,1457,2802,1359,ButtUp.001,1,Police 1
ButtWide.001,MESH,2690,1457,2802,1359,ButtWide.001,1,Police 1
LovehandlesIn,MESH,2690,1457,2802,1359,LovehandlesIn,1,Police 1
LovehandlesOut,MESH,2690,1457,2802,1359,LovehandlesOut,1,Police 1
LowerArmsLarge.002,MESH,2690,1457,2802,1359,LowerArmsLarge.002,1,Police 1
MidsectionNarrow.001,MESH,2690,1457,2802,1359,MidsectionNarrow.001,1,Police 1
MidsectionWide.001,MESH,2690,1457,2802,1359,MidsectionWide.001,1,Police 1
NeckObese.001,MESH,2690,1457,2802,1359,NeckObese.001,1,Police 1
NeckThick.001,MESH,2690,1457,2802,1359,NeckThick.001,1,Police 1
NeckThink,MESH,2690,1457,2802,1359,NeckThink,1,Police 1
TrapsLarge,MESH,2690,1457,2802,1359,TrapsLarge,1,Police 1
TricepsLarge.001,MESH,2690,1457,2802,1359,TricepsLarge,1,Police 1
WaistThin.001,MESH,2690,1457,2802,1359,WaistThin.001,1,Police 1
WaistWide.001,MESH,2690,1457,2802,1359,WaistWide.001,1,Police 1
WristsThick.001,MESH,2690,1457,2802,1359,WristsThick.001,1,Police 1
SK_F_Top_Scrubs,MESH,1590,928,1723,797,SK_F_Top_Scrubs,1,SK_F_Top_Scrubs
Muscular.002,MESH,1590,928,1723,797,Muscular.002,1,SK_F_Top_Scrubs
Obese.004,MESH,1590,928,1723,797,Obese.003,1,SK_F_Top_Scrubs
Skinny.002,MESH,1590,928,1723,797,Skinny.002,1,SK_F_Top_Scrubs
ChildishF.035,MESH,1590,928,1723,797,ChildishF.033,1,SK_F_Top_Scrubs
Old.024,MESH,1590,928,1723,797,Old.024,1,SK_F_Top_Scrubs
Tall.065,MESH,1590,928,1723,797,Tall.062,1,SK_F_Top_Scrubs
BicepsLarge.002,MESH,1590,928,1723,797,BicepsLarge.001,1,SK_F_Top_Scrubs 1
BreastsAngleDown.002,MESH,1590,928,1723,797,BreastsAngleDown.002,1,SK_F_Top_Scrubs 1
BreastsAngleUp.002,MESH,1590,928,1723,797,BreastsAngleUp.002,1,SK_F_Top_Scrubs 1
BreastsCone.002,MESH,1590,928,1723,797,BreastsCone.002,1,SK_F_Top_Scrubs 1
BreastsDown.002,MESH,1590,928,1723,797,BreastsDown.002,1,SK_F_Top_Scrubs 1
BreastsLarge.002,MESH,1590,928,1723,797,BreastsLarge.001,1,SK_F_Top_Scrubs 1
BreastsNarrow.002,MESH,1590,928,1723,797,BreastsNarrow.002,1,SK_F_Top_Scrubs 1
BreastsRound.002,MESH,1590,928,1723,797,BreastsRound.002,1,SK_F_Top_Scrubs 1
BreastsSmall.002,MESH,1590,928,1723,797,BreastsSmall.002,1,SK_F_Top_Scrubs 1
BreastsUp.002,MESH,1590,928,1723,797,BreastsUp.002,1,SK_F_Top_Scrubs 1
BreastsWide.002,MESH,1590,928,1723,797,BreastsWide.002,1,SK_F_Top_Scrubs 1
ButtDown.001,MESH,1590,928,1723,797,ButtDown.001,1,SK_F_Top_Scrubs 1
ButtIn.002,MESH,1590,928,1723,797,ButtIn.002,1,SK_F_Top_Scrubs 1
ButtNarrow.002,MESH,1590,928,1723,797,ButtNarrow.002,1,SK_F_Top_Scrubs 1
ButtOut.002,MESH,1590,928,1723,797,ButtOut.002,1,SK_F_Top_Scrubs 1
ButtUp.002,MESH,1590,928,1723,797,ButtUp.002,1,SK_F_Top_Scrubs 1
ButtWide.002,MESH,1590,928,1723,797,ButtWide.002,1,SK_F_Top_Scrubs 1
DeltoidsLarge.001,MESH,1590,928,1723,797,DeltoidsLarge,1,SK_F_Top_Scrubs 1
LoveHandlesIn.001,MESH,1590,928,1723,797,LoveHandlesIn.001,1,SK_F_Top_Scrubs 1
LoveHandlesOut,MESH,1590,928,1723,797,LoveHandlesOut,1,SK_F_Top_Scrubs 1
LowerArmsLarge.003,MESH,1590,928,1723,797,LowerArmsLarge.003,1,SK_F_Top_Scrubs 1
MidsectionNarrow.002,MESH,1590,928,1723,797,MidsectionNarrow.002,1,SK_F_Top_Scrubs 1
MidsectionWide.002,MESH,1590,928,1723,797,MidsectionWide.002,1,SK_F_Top_Scrubs 1
NeckObese.002,MESH,1590,928,1723,797,NeckObese.002,1,SK_F_Top_Scrubs 1
NeckThick.002,MESH,1590,928,1723,797,NeckThick.002,1,SK_F_Top_Scrubs 1
ThighsThick.001,MESH,1590,928,1723,797,ThighsThick.001,1,SK_F_Top_Scrubs 1
TrapsLarge.001,MESH,1590,928,1723,797,TrapsLarge.001,1,SK_F_Top_Scrubs 1
TricepsLarge.002,MESH,1590,928,1723,797,TricepsLarge.001,1,SK_F_Top_Scrubs 1
WaistThin.002,MESH,1590,928,1723,797,WaistThin.002,1,SK_F_Top_Scrubs 1
WaistWide.002,MESH,1590,928,1723,797,WaistWide.002,1,SK_F_Top_Scrubs 1
SM_F_Top_Business,MESH,1632,871,1687,818,SM_F_Top_Business,1,SK_F_Top_Business
SM_F_Top_Business_Fat,MESH,1632,871,1687,818,SM_F_Top_Business_Fat,1,SK_F_Top_Business
SM_F_Top_Business_Muscular,MESH,1632,871,1687,818,SM_F_Top_Business_Muscular,1,SK_F_Top_Business
SM_F_Top_Business_Skinny,MESH,1632,871,1687,818,SM_F_Top_Business_Skinny,1,SK_F_Top_Business
ChildishF.042,MESH,1632,871,1687,818,ChildishF.040,1,SK_F_Top_Business
Old.029,MESH,1632,871,1687,818,Old.029,1,SK_F_Top_Business
Tall.051,MESH,1632,871,1687,818,Tall.048,1,SK_F_Top_Business
SM_F_Top_Business_BicepsBig,MESH,1632,871,1687,818,SM_F_Top_Business_BicepsBig,1,SK_F_Top_Business 1
SM_F_Top_Business_BreastsAngleDown,MESH,1632,871,1687,818,SM_F_Top_Business_BreastsAngleDown,1,SK_F_Top_Business 1
SM_F_Top_Business_BreastsAngleUp,MESH,1632,871,1687,818,SM_F_Top_Business_BreastsAngleUp,1,SK_F_Top_Business 1
SM_F_Top_Business_BreastsBig,MESH,1632,871,1687,818,SM_F_Top_Business_BreastsBig,1,SK_F_Top_Business 1
SM_F_Top_Business_BreastsCone,MESH,1632,871,1687,818,SM_F_Top_Business_BreastsCone,1,SK_F_Top_Business 1
SM_F_Top_Business_BreastsDown,MESH,1632,871,1687,818,SM_F_Top_Business_BreastsDown,1,SK_F_Top_Business 1
SM_F_Top_Business_BreastsNarrow,MESH,1632,871,1687,818,SM_F_Top_Business_BreastsNarrow,1,SK_F_Top_Business 1
SM_F_Top_Business_BreastsRound,MESH,1632,871,1687,818,SM_F_Top_Business_BreastsRound,1,SK_F_Top_Business 1
SM_F_Top_Business_BreastsSmall,MESH,1632,871,1687,818,SM_F_Top_Business_BreastsSmall,1,SK_F_Top_Business 1
SM_F_Top_Business_BreastsUp,MESH,1632,871,1687,818,SM_F_Top_Business_BreastsUp,1,SK_F_Top_Business 1
SM_F_Top_Business_BreastsWide,MESH,1632,871,1687,818,SM_F_Top_Business_BreastsWide,1,SK_F_Top_Business 1
SM_F_Top_Business_ButtDown,MESH,1632,871,1687,818,SM_F_Top_Business_ButtDown,1,SK_F_Top_Business 1
SM_F_Top_Business_ButtIn,MESH,1632,871,1687,818,SM_F_Top_Business_ButtIn,1,SK_F_Top_Business 1
SM_F_Top_Business_ButtNarrow,MESH,1632,871,1687,818,SM_F_Top_Business_ButtNarrow,1,SK_F_Top_Business 1
SM_F_Top_Business_ButtOut,MESH,1632,871,1687,818,SM_F_Top_Business_ButtOut,1,SK_F_Top_Business 1
SM_F_Top_Business_ButtUp,MESH,1632,871,1687,818,SM_F_Top_Business_ButtUp,1,SK_F_Top_Business 1
SM_F_Top_Business_ButtWide,MESH,1632,871,1687,818,SM_F_Top_Business_ButtWide,1,SK_F_Top_Business 1
SM_F_Top_Business_DeltsBig,MESH,1632,871,1687,818,SM_F_Top_Business_DeltsBig,1,SK_F_Top_Business 1
SM_F_Top_Business_ForearmBig,MESH,1632,871,1687,818,SM_F_Top_Business_ForearmBig,1,SK_F_Top_Business 1
SM_F_Top_Business_LoveHandlesIn,MESH,1632,871,1687,818,SM_F_Top_Business_LoveHandlesIn,1,SK_F_Top_Business 1
SM_F_Top_Business_MidsectionNarrow,MESH,1632,871,1687,818,SM_F_Top_Business_MidsectionNarrow,1,SK_F_Top_Business 1
SM_F_Top_Business_TrapsBig,MESH,1632,871,1687,818,SM_F_Top_Business_TrapsBig,1,SK_F_Top_Business 1
SM_F_Top_Business_TricepsBig,MESH,1632,871,1687,818,SM_F_Top_Business_TricepsBig,1,SK_F_Top_Business 1
SM_F_Top_Business_WaistThin,MESH,1632,871,1687,818,SM_F_Top_Business_WaistThin,1,SK_F_Top_Business 1
SM_F_Top_Business_WaistWide,MESH,1632,871,1687,818,SM_F_Top_Business_WaistWide,1,SK_F_Top_Business 1
SM_F_Top_Business_WristsThin,MESH,1632,871,1687,818,SM_F_Top_Business_WristsThin,1,SK_F_Top_Business 1
SM_F_Top_ButtonUpShirt,MESH,4456,2459,4737,2290,SM_F_Top_ButtonUpShirt,1,LongSleeveButtonUpF
SM_F_Top_ButtonUpShirt_Fat,MESH,4456,2459,4737,2290,SM_F_Top_ButtonUpShirt_Fat,1,LongSleeveButtonUpF
SM_F_Top_ButtonUpShirt_Muscular,MESH,4456,2459,4737,2290,SM_F_Top_ButtonUpShirt_Muscular,1,LongSleeveButtonUpF
SM_F_Top_ButtonUpShirt_Skinny,MESH,4456,2459,4737,2290,SM_F_Top_ButtonUpShirt_Skinny,1,LongSleeveButtonUpF
ChildishF.036,MESH,4456,2459,4737,2290,ChildishF.034,1,LongSleeveButtonUpF
Tall.046,MESH,4456,2459,4737,2290,Tall.043,1,LongSleeveButtonUpF
ChildishF.043,MESH,4456,2459,4737,2290,ChildishF.041,1,LongSleeveButtonUpF
Old.030,MESH,4456,2459,4737,2290,Old.030,1,LongSleeveButtonUpF
Tall.052,MESH,4456,2459,4737,2290,Tall.049,1,LongSleeveButtonUpF
SM_F_Top_ButtonUpShirt_BicepsBig,MESH,4456,2459,4737,2290,SM_F_Top_ButtonUpShirt_BicepsBig,1,ButtonUp 1
SM_F_Top_ButtonUpShirt_BreastsAngleDown,MESH,4456,2459,4737,2290,SM_F_Top_ButtonUpShirt_BreastsAngleDown,1,ButtonUp 1
SM_F_Top_ButtonUpShirt_BreastsAngleUp,MESH,4456,2459,4737,2290,SM_F_Top_ButtonUpShirt_BreastsAngleUp,1,ButtonUp 1
SM_F_Top_ButtonUpShirt_BreastsBig,MESH,4456,2459,4737,2290,SM_F_Top_ButtonUpShirt_BreastsBig,1,ButtonUp 1
SM_F_Top_ButtonUpShirt_BreastsCone,MESH,4456,2459,4737,2290,SM_F_Top_ButtonUpShirt_BreastsCone,1,ButtonUp 1
SM_F_Top_ButtonUpShirt_BreastsDown,MESH,4456,2459,4737,2290,SM_F_Top_ButtonUpShirt_BreastsDown,1,ButtonUp 1
SM_F_Top_ButtonUpShirt_BreastsNarrow,MESH,4456,2459,4737,2290,SM_F_Top_ButtonUpShirt_BreastsNarrow,1,ButtonUp 1
SM_F_Top_ButtonUpShirt_BreastsRound,MESH,4456,2459,4737,2290,SM_F_Top_ButtonUpShirt_BreastsRound,1,ButtonUp 1
SM_F_Top_ButtonUpShirt_BreastsSmall,MESH,4456,2459,4737,2290,SM_F_Top_ButtonUpShirt_BreastsSmall,1,ButtonUp 1
SM_F_Top_ButtonUpShirt_BreastsUp,MESH,4456,2459,4737,2290,SM_F_Top_ButtonUpShirt_BreastsUp,1,ButtonUp 1
SM_F_Top_ButtonUpShirt_BreastsWide,MESH,4456,2459,4737,2290,SM_F_Top_ButtonUpShirt_BreastsWide,1,ButtonUp 1
SM_F_Top_ButtonUpShirt_ButtDown,MESH,4456,2459,4737,2290,SM_F_Top_ButtonUpShirt_ButtDown,1,ButtonUp 1
SM_F_Top_ButtonUpShirt_ButtIn,MESH,4456,2459,4737,2290,SM_F_Top_ButtonUpShirt_ButtIn,1,ButtonUp 1
SM_F_Top_ButtonUpShirt_ButtNarrow,MESH,4456,2459,4737,2290,SM_F_Top_ButtonUpShirt_ButtNarrow,1,ButtonUp 1
SM_F_Top_ButtonUpShirt_ButtOut,MESH,4456,2459,4737,2290,SM_F_Top_ButtonUpShirt_ButtOut,1,ButtonUp 1
SM_F_Top_ButtonUpShirt_ButtUp,MESH,4456,2459,4737,2290,SM_F_Top_ButtonUpShirt_ButtUp,1,ButtonUp 1
SM_F_Top_ButtonUpShirt_ButtWide,MESH,4456,2459,4737,2290,SM_F_Top_ButtonUpShirt_ButtWide,1,ButtonUp 1
SM_F_Top_ButtonUpShirt_DeltsBig,MESH,4456,2459,4737,2290,SM_F_Top_ButtonUpShirt_DeltsBig,1,ButtonUp 1
SM_F_Top_ButtonUpShirt_ForearmBig,MESH,4456,2459,4737,2290,SM_F_Top_ButtonUpShirt_ForearmBig,1,ButtonUp 1
SM_F_Top_ButtonUpShirt_LoveHandlesIn,MESH,4456,2459,4737,2290,SM_F_Top_ButtonUpShirt_LoveHandlesIn,1,ButtonUp 1
SM_F_Top_ButtonUpShirt_MidsectionNarrow,MESH,4456,2459,4737,2290,SM_F_Top_ButtonUpShirt_MidsectionNarrow,1,ButtonUp 1
SM_F_Top_ButtonUpShirt_TrapsBig,MESH,4456,2459,4737,2290,SM_F_Top_ButtonUpShirt_TrapsBig,1,ButtonUp 1
SM_F_Top_ButtonUpShirt_TricepsBig,MESH,4456,2459,4737,2290,SM_F_Top_ButtonUpShirt_TricepsBig,1,ButtonUp 1
SM_F_Top_ButtonUpShirt_WaistThin,MESH,4456,2459,4737,2290,SM_F_Top_ButtonUpShirt_WaistThin,1,ButtonUp 1
SM_F_Top_ButtonUpShirt_WaistWide,MESH,4456,2459,4737,2290,SM_F_Top_ButtonUpShirt_WaistWide,1,ButtonUp 1
SM_F_Top_ButtonUpShirt_WristsThin,MESH,4456,2459,4737,2290,SM_F_Top_ButtonUpShirt_WristsThin,1,ButtonUp 1
SK_F_Top_Athletic,MESH,4098,2316,4365,2051,SK_F_Top_Athletic,1,*SK_F_Top_Athletic
Muscular.003,MESH,4098,2316,4365,2051,Muscular.003,1,*SK_F_Top_Athletic
Obese.005,MESH,4098,2316,4365,2051,Obese.004,1,*SK_F_Top_Athletic
Skinny.003,MESH,4098,2316,4365,2051,Skinny.003,1,*SK_F_Top_Athletic
ChildishF.037,MESH,4098,2316,4365,2051,ChildishF.035,1,*SK_F_Top_Athletic
Old.025,MESH,4098,2316,4365,2051,Old.025,1,*SK_F_Top_Athletic
Tall.047,MESH,4098,2316,4365,2051,Tall.044,1,*SK_F_Top_Athletic
BicepsLarge.003,MESH,4098,2316,4365,2051,BicepsLarge.002,1,SK_F_Top_Athletic 1
BreastsAngleDown.003,MESH,4098,2316,4365,2051,BreastsAngleDown.003,1,SK_F_Top_Athletic 1
BreastsAngleUp.003,MESH,4098,2316,4365,2051,BreastsAngleUp.003,1,SK_F_Top_Athletic 1
BreastsCone.003,MESH,4098,2316,4365,2051,BreastsCone.003,1,SK_F_Top_Athletic 1
BreastsDown.003,MESH,4098,2316,4365,2051,BreastsDown.003,1,SK_F_Top_Athletic 1
BreastsLarge.003,MESH,4098,2316,4365,2051,BreastsLarge.002,1,SK_F_Top_Athletic 1
BreastsNarrow.003,MESH,4098,2316,4365,2051,BreastsNarrow.003,1,SK_F_Top_Athletic 1
BreastsRound.003,MESH,4098,2316,4365,2051,BreastsRound.003,1,SK_F_Top_Athletic 1
BreastsSmal,MESH,4098,2316,4365,2051,BreastsSmal,1,SK_F_Top_Athletic 1
BreastsSmall.003,MESH,4098,2316,4365,2051,BreastsSmall.003,1,SK_F_Top_Athletic 1
BreastsUp.003,MESH,4098,2316,4365,2051,BreastsUp.003,1,SK_F_Top_Athletic 1
BreastsWide.003,MESH,4098,2316,4365,2051,BreastsWide.003,1,SK_F_Top_Athletic 1
ButtDown.002,MESH,4098,2316,4365,2051,ButtDown.002,1,SK_F_Top_Athletic 1
ButtIn.003,MESH,4098,2316,4365,2051,ButtIn.003,1,SK_F_Top_Athletic 1
ButtNarrow.003,MESH,4098,2316,4365,2051,ButtNarrow.003,1,SK_F_Top_Athletic 1
ButtOut.003,MESH,4098,2316,4365,2051,ButtOut.003,1,SK_F_Top_Athletic 1
ButtUp.003,MESH,4098,2316,4365,2051,ButtUp.003,1,SK_F_Top_Athletic 1
ButtWide.003,MESH,4098,2316,4365,2051,ButtWide.003,1,SK_F_Top_Athletic 1
DeltoidsLarge.002,MESH,4098,2316,4365,2051,DeltoidsLarge.001,1,SK_F_Top_Athletic 1
LoveHandlesIn.002,MESH,4098,2316,4365,2051,LoveHandlesIn.002,1,SK_F_Top_Athletic 1
LoveHandlesOut.001,MESH,4098,2316,4365,2051,LoveHandlesOut.001,1,SK_F_Top_Athletic 1
LowerArmsLarge.004,MESH,4098,2316,4365,2051,LowerArmsLarge.004,1,SK_F_Top_Athletic 1
MidscetionWide,MESH,4098,2316,4365,2051,MidscetionWide,1,SK_F_Top_Athletic 1
MidsectionNarrow.003,MESH,4098,2316,4365,2051,MidsectionNarrow.003,1,SK_F_Top_Athletic 1
NeckObese.003,MESH,4098,2316,4365,2051,NeckObese.003,1,SK_F_Top_Athletic 1
NeckThick.003,MESH,4098,2316,4365,2051,NeckThick.003,1,SK_F_Top_Athletic 1
ThighsThick.002,MESH,4098,2316,4365,2051,ThighsThick.002,1,SK_F_Top_Athletic 1
TrapsLarge.002,MESH,4098,2316,4365,2051,TrapsLarge.002,1,SK_F_Top_Athletic 1
TricepsLarge.003,MESH,4098,2316,4365,2051,TricepsLarge.002,1,SK_F_Top_Athletic 1
WaistThin.003,MESH,4098,2316,4365,2051,WaistThin.003,1,SK_F_Top_Athletic 1
WaistWide.003,MESH,4098,2316,4365,2051,WaistWide.003,1,SK_F_Top_Athletic 1
WristsThick.002,MESH,4098,2316,4365,2051,WristsThick.002,1,SK_F_Top_Athletic 1
WristThin.002,MESH,4098,2316,4365,2051,WristThin.002,1,SK_F_Top_Athletic 1
SK_F_Top_ACU,MESH,1332,770,1436,668,SK_F_Top_ACU,1,*ACU
Muscular.004,MESH,1332,770,1436,668,Muscular.004,1,*ACU
Obese.006,MESH,1332,770,1436,668,Obese.005,1,*ACU
Skinny.004,MESH,1332,770,1436,668,Skinny.004,1,*ACU
ChildishF.044,MESH,1987,1018,2034,1016,ChildishF.042,1,*ACU
Old.031,MESH,1987,1018,2034,1016,Old.031,1,*ACU
Tall.053,MESH,1987,1018,2034,1016,Tall.050,1,*ACU
BicepsLarge.004,MESH,1332,770,1436,668,BicepsLarge.003,1,ACU 1
BreastsAngleDown.004,MESH,1332,770,1436,668,BreastsAngleDown.004,1,ACU 1
BreastsAngleUp.004,MESH,1332,770,1436,668,BreastsAngleUp.004,1,ACU 1
BreastsCone.004,MESH,1332,770,1436,668,BreastsCone.004,1,ACU 1
BreastsDown.004,MESH,1332,770,1436,668,BreastsDown.004,1,ACU 1
BreastsLarge.004,MESH,1332,770,1436,668,BreastsLarge.003,1,ACU 1
BreastsNarrow.004,MESH,1332,770,1436,668,BreastsNarrow.004,1,ACU 1
BreastsRound.004,MESH,1332,770,1436,668,BreastsRound.004,1,ACU 1
BreastsSmall.004,MESH,1332,770,1436,668,BreastsSmall.004,1,ACU 1
BreastsUp.004,MESH,1332,770,1436,668,BreastsUp.004,1,ACU 1
BreastsWide.004,MESH,1332,770,1436,668,BreastsWide.004,1,ACU 1
ButtDown.003,MESH,1332,770,1436,668,ButtDown.003,1,ACU 1
ButtIn.004,MESH,1332,770,1436,668,ButtIn.004,1,ACU 1
ButtNarrow.004,MESH,1332,770,1436,668,ButtNarrow.004,1,ACU 1
ButtOut.004,MESH,1332,770,1436,668,ButtOut.004,1,ACU 1
ButtUp.004,MESH,1332,770,1436,668,ButtUp.004,1,ACU 1
ButtWide.004,MESH,1332,770,1436,668,ButtWide.004,1,ACU 1
DeltoidsLarge.003,MESH,1332,770,1436,668,DeltoidsLarge.002,1,ACU 1
LoveHandlesIn.003,MESH,1332,770,1436,668,LoveHandlesIn.003,1,ACU 1
LoveHandlesOut.002,MESH,1332,770,1436,668,LoveHandlesOut.002,1,ACU 1
LowerArmsLarge.005,MESH,1332,770,1436,668,LowerArmsLarge.005,1,ACU 1
MidsectionNarrow.004,MESH,1332,770,1436,668,MidsectionNarrow.004,1,ACU 1
MidsectionWide.003,MESH,1332,770,1436,668,MidsectionWide.003,1,ACU 1
NeckObese.004,MESH,1332,770,1436,668,NeckObese.004,1,ACU 1
NeckThick.004,MESH,1332,770,1436,668,NeckThick.004,1,ACU 1
ThighsThick.003,MESH,1332,770,1436,668,ThighsThick.003,1,ACU 1
TrapsLarge.003,MESH,1332,770,1436,668,TrapsLarge.003,1,ACU 1
TricepsLarge.004,MESH,1332,770,1436,668,TricepsLarge.003,1,ACU 1
WaistThin.004,MESH,1332,770,1436,668,WaistThin.004,1,ACU 1
WaistWide.004,MESH,1332,770,1436,668,WaistWide.004,1,ACU 1
SK_F_Top_Dress01,MESH,5146,2886,5459,2575,SK_F_Top_Dress01,1,*DressTank01
Muscular.005,MESH,5146,2886,5459,2575,Muscular.005,1,*DressTank01
Obese.007,MESH,5146,2886,5459,2575,Obese.006,1,*DressTank01
Skinny.005,MESH,5146,2886,5459,2575,Skinny.005,1,*DressTank01
ChildishF.038,MESH,5146,2886,5459,2575,ChildishF.036,1,*DressTank01
Old.026,MESH,5146,2886,5459,2575,Old.026,1,*DressTank01
Tall.048,MESH,5146,2886,5459,2575,Tall.045,1,*DressTank01
BreastsAngleDown.005,MESH,35708,18564,36556,18018,BreastsAngleDown.005,1,Dress01 1
BreastsAngleUp.005,MESH,35708,18564,36556,18018,BreastsAngleUp.005,1,Dress01 1
BreastsCone.005,MESH,35708,18564,36556,18018,BreastsCone.005,1,Dress01 1
BreastsDown.005,MESH,35708,18564,36556,18018,BreastsDown.005,1,Dress01 1
BreastsLarge.005,MESH,35708,18564,36556,18018,BreastsLarge.004,1,Dress01 1
BreastsNarrow.005,MESH,35708,18564,36556,18018,BreastsNarrow.005,1,Dress01 1
BreastsRound.005,MESH,35708,18564,36556,18018,BreastsRound.005,1,Dress01 1
BreastsSmall.005,MESH,35708,18564,36556,18018,BreastsSmall.005,1,Dress01 1
BreastsUp.005,MESH,35708,18564,36556,18018,BreastsUp.005,1,Dress01 1
BreastsWide.005,MESH,35708,18564,36556,18018,BreastsWide.005,1,Dress01 1
Butt,MESH,35708,18564,36556,18018,Butt,1,Dress01 1
ButtDown.004,MESH,35708,18564,36556,18018,ButtDown.004,1,Dress01 1
ButtIn.005,MESH,35708,18564,36556,18018,ButtIn.005,1,Dress01 1
ButtNarrow.005,MESH,35708,18564,36556,18018,ButtNarrow.005,1,Dress01 1
ButtOut.005,MESH,35708,18564,36556,18018,ButtOut.005,1,Dress01 1
ButtUp.005,MESH,35708,18564,36556,18018,ButtUp.005,1,Dress01 1
ButtWide.005,MESH,35708,18564,36556,18018,ButtWide.005,1,Dress01 1
LoveHandlesIn.004,MESH,35708,18564,36556,18018,LoveHandlesIn.004,1,Dress01 1
LoveHandlesOut.003,MESH,35708,18564,36556,18018,LoveHandlesOut.003,1,Dress01 1
MidsectionNarrow.005,MESH,35708,18564,36556,18018,MidsectionNarrow.005,1,Dress01 1
MidsectionWide.004,MESH,35708,18564,36556,18018,MidsectionWide.004,1,Dress01 1
NeckObese.005,MESH,35708,18564,36556,18018,NeckObese.005,1,Dress01 1
NeckThick.005,MESH,35708,18564,36556,18018,NeckThick.005,1,Dress01 1
ThighsThick.004,MESH,35708,18564,36556,18018,ThighsThick.004,1,Dress01 1
WaistThin.005,MESH,35708,18564,36556,18018,WaistThin.005,1,Dress01 1
WaistWide.005,MESH,35708,18564,36556,18018,WaistWide.005,1,Dress01 1
Tall.039,MESH,5146,2886,5459,2575,Tall.036,1,?TankDress
Old.013,MESH,35708,18564,36556,18018,Old.013,1,?TankDress
ChildishF.027,MESH,35708,18564,36556,18018,ChildishF.025,1,?TankDress
SK_F_Top_Tank,MESH,2956,1585,3094,1506,SK_F_Top_Tank,1,*Tank
Muscular.006,MESH,2956,1585,3094,1506,Muscular.006,1,*Tank
Obese.008,MESH,2956,1585,3094,1506,Obese.007,1,*Tank
Skinny.006,MESH,2956,1585,3094,1506,Skinny.006,1,*Tank
SM_F_Top_Tank_Fat,MESH,3422,1801,3554,1749,SM_F_Top_Tank_Fat,1,*Tank
BreastsAngleDown.006,MESH,2956,1585,3094,1506,BreastsAngleDown.006,1,Tank 1
BreastsAngleUp.006,MESH,2956,1585,3094,1506,BreastsAngleUp.006,1,Tank 1
BreastsCone.006,MESH,2956,1585,3094,1506,BreastsCone.006,1,Tank 1
BreastsDown.006,MESH,2956,1585,3094,1506,BreastsDown.006,1,Tank 1
BreastsLarge.006,MESH,2956,1585,3094,1506,BreastsLarge.005,1,Tank 1
BreastsNarrow.006,MESH,2956,1585,3094,1506,BreastsNarrow.006,1,Tank 1
BreastsRound.006,MESH,2956,1585,3094,1506,BreastsRound.006,1,Tank 1
BreastsSmall.006,MESH,2956,1585,3094,1506,BreastsSmall.006,1,Tank 1
BreastsUp.006,MESH,2956,1585,3094,1506,BreastsUp.006,1,Tank 1
BreastsWide.006,MESH,2956,1585,3094,1506,BreastsWide.006,1,Tank 1
ButtDown.005,MESH,2956,1585,3094,1506,ButtDown.005,1,Tank 1
ButtIn.006,MESH,2956,1585,3094,1506,ButtIn.006,1,Tank 1
ButtNarrow.006,MESH,2956,1585,3094,1506,ButtNarrow.006,1,Tank 1
ButtOut.006,MESH,2956,1585,3094,1506,ButtOut.006,1,Tank 1
ButtUp.006,MESH,2956,1585,3094,1506,ButtUp.006,1,Tank 1
ButtWide.006,MESH,2956,1585,3094,1506,ButtWide.006,1,Tank 1
DeltoidsLarge.004,MESH,2956,1585,3094,1506,DeltoidsLarge.003,1,Tank 1
LoveHandlesIn.005,MESH,2956,1585,3094,1506,LoveHandlesIn.005,1,Tank 1
LoveHandlesOut.004,MESH,2956,1585,3094,1506,LoveHandlesOut.004,1,Tank 1
MidsectionNarrow.006,MESH,2956,1585,3094,1506,MidsectionNarrow.006,1,Tank 1
MidsectionWide.005,MESH,2956,1585,3094,1506,MidsectionWide.005,1,Tank 1
NeckObese.006,MESH,2956,1585,3094,1506,NeckObese.006,1,Tank 1
NeckThick.006,MESH,2956,1585,3094,1506,NeckThick.006,1,Tank 1
ThighsThick.005,MESH,2956,1585,3094,1506,ThighsThick.005,1,Tank 1
TrapsLarge.004,MESH,2956,1585,3094,1506,TrapsLarge.004,1,Tank 1
WaistThin.006,MESH,2956,1585,3094,1506,WaistThin.006,1,Tank 1
WaistWide.006,MESH,2956,1585,3094,1506,WaistWide.006,1,Tank 1
SM_F_Top_Tank,MESH,3422,1801,3554,1749,SM_F_Top_Tank,1,??Tank2
SM_F_Top_Tank_Muscular,MESH,3422,1801,3554,1749,SM_F_Top_Tank_Muscular,1,??Tank2
SM_F_Top_Tank_Skinny,MESH,3422,1801,3554,1749,SM_F_Top_Tank_Skinny,1,??Tank2
SM_F_Top_Tank_BreastsAngleDown,MESH,3422,1801,3554,1749,SM_F_Top_Tank_BreastsAngleDown,1,Top 13 1
SM_F_Top_Tank_BreastsAngleUp,MESH,3422,1801,3554,1749,SM_F_Top_Tank_BreastsAngleUp,1,Top 13 1
SM_F_Top_Tank_BreastsCone,MESH,3422,1801,3554,1749,SM_F_Top_Tank_BreastsCone,1,Top 13 1
SM_F_Top_Tank_BreastsDown,MESH,3422,1801,3554,1749,SM_F_Top_Tank_BreastsDown,1,Top 13 1
SM_F_Top_Tank_BreastsNarrow,MESH,3422,1801,3554,1749,SM_F_Top_Tank_BreastsNarrow,1,Top 13 1
SM_F_Top_Tank_BreastsRound,MESH,3422,1801,3554,1749,SM_F_Top_Tank_BreastsRound,1,Top 13 1
SM_F_Top_Tank_BreastsSmall,MESH,3422,1801,3554,1749,SM_F_Top_Tank_BreastsSmall,1,Top 13 1
SM_F_Top_Tank_BreastsUp,MESH,3422,1801,3554,1749,SM_F_Top_Tank_BreastsUp,1,Top 13 1
SM_F_Top_Tank_BreastsWide,MESH,3422,1801,3554,1749,SM_F_Top_Tank_BreastsWide,1,Top 13 1
SM_F_Top_Tank_ButtDown,MESH,3422,1801,3554,1749,SM_F_Top_Tank_ButtDown,1,Top 13 1
SM_F_Top_Tank_ButtIn,MESH,3422,1801,3554,1749,SM_F_Top_Tank_ButtIn,1,Top 13 1
SM_F_Top_Tank_ButtNarrow,MESH,3422,1801,3554,1749,SM_F_Top_Tank_ButtNarrow,1,Top 13 1
SM_F_Top_Tank_ButtOut,MESH,3422,1801,3554,1749,SM_F_Top_Tank_ButtOut,1,Top 13 1
SM_F_Top_Tank_ButtUp,MESH,3422,1801,3554,1749,SM_F_Top_Tank_ButtUp,1,Top 13 1
SM_F_Top_Tank_ButtWide,MESH,3422,1801,3554,1749,SM_F_Top_Tank_ButtWide,1,Top 13 1
SM_F_Top_Tank_DeltsBig,MESH,3422,1801,3554,1749,SM_F_Top_Tank_DeltsBig,1,Top 13 1
SM_F_Top_Tank_LoveHandlesIn,MESH,3422,1801,3554,1749,SM_F_Top_Tank_LoveHandlesIn,1,Top 13 1
SM_F_Top_Tank_TrapsBig,MESH,3422,1801,3554,1749,SM_F_Top_Tank_TrapsBig,1,Top 13 1
SM_F_Top_Tank_WaistThin,MESH,3422,1801,3554,1749,SM_F_Top_Tank_WaistThin,1,Top 13 1
SM_F_Top_Tank_WaistWide,MESH,3422,1801,3554,1749,SM_F_Top_Tank_WaistWide,1,Top 13 1
TShirt,MESH,918,492,951,461,TShirt,1,*Tshirt02
Muscular.007,MESH,918,492,951,461,Muscular.007,1,*Tshirt02
Obese.009,MESH,918,492,951,461,Obese.008,1,*Tshirt02
Skinny.007,MESH,918,492,951,461,Skinny.007,1,*Tshirt02
ChildishF.039,MESH,918,492,951,461,ChildishF.037,1,*Tshirt02
Old.027,MESH,918,492,951,461,Old.027,1,*Tshirt02
Tall.049,MESH,918,492,951,461,Tall.046,1,*Tshirt02
SM_F_Top_TShirt_Fat,MESH,3434,1890,3631,1747,SM_F_Top_TShirt_Fat,1,*Tshirt02
BicepsLarge.005,MESH,918,492,951,461,BicepsLarge.004,1,Tshirt02 1
BreastsAngleDown.007,MESH,918,492,951,461,BreastsAngleDown.007,1,Tshirt02 1
BreastsAngleUp.007,MESH,918,492,951,461,BreastsAngleUp.007,1,Tshirt02 1
BreastsCone.007,MESH,918,492,951,461,BreastsCone.007,1,Tshirt02 1
BreastsDown.007,MESH,918,492,951,461,BreastsDown.007,1,Tshirt02 1
BreastsLarge.007,MESH,918,492,951,461,BreastsLarge.006,1,Tshirt02 1
BreastsNarrow.007,MESH,918,492,951,461,BreastsNarrow.007,1,Tshirt02 1
BreastsRound.007,MESH,918,492,951,461,BreastsRound.007,1,Tshirt02 1
BreastsSmall.007,MESH,918,492,951,461,BreastsSmall.007,1,Tshirt02 1
BreastsUp.007,MESH,918,492,951,461,BreastsUp.007,1,Tshirt02 1
BreastsWide.007,MESH,918,492,951,461,BreastsWide.007,1,Tshirt02 1
ButtDown.006,MESH,918,492,951,461,ButtDown.006,1,Tshirt02 1
ButtIn.007,MESH,918,492,951,461,ButtIn.007,1,Tshirt02 1
ButtNarrow.007,MESH,918,492,951,461,ButtNarrow.007,1,Tshirt02 1
ButtOut.007,MESH,918,492,951,461,ButtOut.007,1,Tshirt02 1
ButtUp.007,MESH,918,492,951,461,ButtUp.007,1,Tshirt02 1
ButtWide.007,MESH,918,492,951,461,ButtWide.007,1,Tshirt02 1
DeltoidsLarge.005,MESH,918,492,951,461,DeltoidsLarge.004,1,Tshirt02 1
LoveHandlesIn.006,MESH,918,492,951,461,LoveHandlesIn.006,1,Tshirt02 1
LoveHandlesOut.005,MESH,918,492,951,461,LoveHandlesOut.005,1,Tshirt02 1
MidscetionNarrow,MESH,918,492,951,461,MidscetionNarrow,1,Tshirt02 1
MidsectionWide.006,MESH,918,492,951,461,MidsectionWide.006,1,Tshirt02 1
NeckObese.007,MESH,918,492,951,461,NeckObese.007,1,Tshirt02 1
NeckThick.007,MESH,918,492,951,461,NeckThick.007,1,Tshirt02 1
ThighsThick.006,MESH,918,492,951,461,ThighsThick.006,1,Tshirt02 1
TrapsLarge.005,MESH,918,492,951,461,TrapsLarge.005,1,Tshirt02 1
TricepsLarge.005,MESH,918,492,951,461,TricepsLarge.004,1,Tshirt02 1
WaistThin.007,MESH,918,492,951,461,WaistThin.007,1,Tshirt02 1
WaistWide.007,MESH,918,492,951,461,WaistWide.007,1,Tshirt02 1
SM_F_Top_TShirt,MESH,1022,546,1057,513,SM_F_Top_TShirt,1,TShirtOld
SM_F_Top_TShirt_Muscular,MESH,1022,546,1057,513,SM_F_Top_TShirt_Muscular,1,TShirtOld
SM_F_Top_TShirt_Skinny,MESH,1022,546,1057,513,SM_F_Top_TShirt_Skinny,1,TShirtOld
SM_F_Top_TShirt_BicepsLarge,MESH,918,492,951,461,SM_F_Top_TShirt_BicepsLarge,1,TShirt01 1
SM_F_Top_TShirt_BreastsAngleDown,MESH,1022,546,1057,513,SM_F_Top_TShirt_BreastsAngleDown,1,TShirt01 1
SM_F_Top_TShirt_BreastsAngleUp,MESH,1022,546,1057,513,SM_F_Top_TShirt_BreastsAngleUp,1,TShirt01 1
SM_F_Top_TShirt_BreastsBig,MESH,1022,546,1057,513,SM_F_Top_TShirt_BreastsBig,1,TShirt01 1
SM_F_Top_TShirt_BreastsCone,MESH,1022,546,1057,513,SM_F_Top_TShirt_BreastsCone,1,TShirt01 1
SM_F_Top_TShirt_BreastsDown,MESH,1022,546,1057,513,SM_F_Top_TShirt_BreastsDown,1,TShirt01 1
SM_F_Top_TShirt_BreastsNarrow,MESH,1022,546,1057,513,SM_F_Top_TShirt_BreastsNarrow,1,TShirt01 1
SM_F_Top_TShirt_BreastsRound,MESH,1022,546,1057,513,SM_F_Top_TShirt_BreastsRound,1,TShirt01 1
SM_F_Top_TShirt_BreastsSmall,MESH,1022,546,1057,513,SM_F_Top_TShirt_BreastsSmall,1,TShirt01 1
SM_F_Top_TShirt_BreastsUp,MESH,1022,546,1057,513,SM_F_Top_TShirt_BreastsUp,1,TShirt01 1
SM_F_Top_TShirt_BreastsWide,MESH,1022,546,1057,513,SM_F_Top_TShirt_BreastsWide,1,TShirt01 1
SM_F_Top_TShirt_ButtDown,MESH,1022,546,1057,513,SM_F_Top_TShirt_ButtDown,1,TShirt01 1
SM_F_Top_TShirt_ButtIn,MESH,1022,546,1057,513,SM_F_Top_TShirt_ButtIn,1,TShirt01 1
SM_F_Top_TShirt_ButtNarrow,MESH,1022,546,1057,513,SM_F_Top_TShirt_ButtNarrow,1,TShirt01 1
SM_F_Top_TShirt_ButtOut,MESH,1022,546,1057,513,SM_F_Top_TShirt_ButtOut,1,TShirt01 1
SM_F_Top_TShirt_ButtUp,MESH,1022,546,1057,513,SM_F_Top_TShirt_ButtUp,1,TShirt01 1
SM_F_Top_TShirt_ButtWide,MESH,1022,546,1057,513,SM_F_Top_TShirt_ButtWide,1,TShirt01 1
SM_F_Top_TShirt_DeltoidsLarge,MESH,918,492,951,461,SM_F_Top_TShirt_DeltoidsLarge,1,TShirt01 1
SM_F_Top_TShirt_LoveHandlesIn,MESH,1022,546,1057,513,SM_F_Top_TShirt_LoveHandlesIn,1,TShirt01 1
SM_F_Top_TShirt_MidsectionNarrow,MESH,1022,546,1057,513,SM_F_Top_TShirt_MidsectionNarrow,1,TShirt01 1
SM_F_Top_TShirt_MidsectionWide,MESH,1022,546,1057,513,SM_F_Top_TShirt_MidsectionWide,1,TShirt01 1
SM_F_Top_TShirt_NeckObese,MESH,918,492,951,461,SM_F_Top_TShirt_NeckObese,1,TShirt01 1
SM_F_Top_TShirt_NeckThick,MESH,918,492,951,461,SM_F_Top_TShirt_NeckThick,1,TShirt01 1
SM_F_Top_TShirt_NeckThink,MESH,5793,3142,6144,3000,SM_F_Top_TShirt_NeckThink,1,TShirt01 1
SM_F_Top_TShirt_TrapsLarge,MESH,918,492,951,461,SM_F_Top_TShirt_TrapsLarge,1,TShirt01 1
SM_F_Top_TShirt_TricepsLarge,MESH,918,492,951,461,SM_F_Top_TShirt_TricepsLarge,1,TShirt01 1
SM_F_Top_TShirt_WaistThin,MESH,1022,546,1057,513,SM_F_Top_TShirt_WaistThin,1,TShirt01 1
SM_F_Top_TShirt_WaistWide,MESH,1022,546,1057,513,SM_F_Top_TShirt_WaistWide,1,TShirt01 1
ChildishF.026,MESH,3974,2076,4063,1989,ChildishF.024,1,*VNeckF
Old.012,MESH,3974,2076,4063,1989,Old.012,1,*VNeckF
Tall.038,MESH,3974,2076,4063,1989,Tall.035,1,*VNeckF
ChildishF.040,MESH,3974,2076,4063,1989,ChildishF.038,1,*VNeckF
Old.028,MESH,3974,2076,4063,1989,Old.028,1,*VNeckF
Tall.050,MESH,3974,2076,4063,1989,Tall.047,1,*VNeckF
ChildishF.047,MESH,3974,2076,4063,1989,ChildishF.045,1,*VNeckF
Muscular.030,MESH,3974,2076,4063,1989,Muscular.030,1,*VNeckF
Skinny.045,MESH,3974,2076,4063,1989,Skinny.045,1,*VNeckF
Obese.050,MESH,3974,2076,4063,1989,Obese.047,1,*VNeckF
VNeck,MESH,3974,2076,4063,1989,VNeck,1,*VNeckF
BreastsAngleUp.016,MESH,3974,2076,4063,1989,BreastsAngleUp.016,1,VNeck 1
BreastsAngleDown.016,MESH,3974,2076,4063,1989,BreastsAngleDown.016,1,VNeck 1
BreastsRound.016,MESH,3974,2076,4063,1989,BreastsRound.016,1,VNeck 1
BreastsCone.016,MESH,3974,2076,4063,1989,BreastsCone.016,1,VNeck 1
BreastsSmall.016,MESH,3974,2076,4063,1989,BreastsSmall.016,1,VNeck 1
BreastsLarge.015,MESH,3974,2076,4063,1989,BreastsLarge.014,1,VNeck 1
BreastsUp.016,MESH,3974,2076,4063,1989,BreastsUp.016,1,VNeck 1
BreastsDown.016,MESH,3974,2076,4063,1989,BreastsDown.016,1,VNeck 1
BreastsWide.016,MESH,3974,2076,4063,1989,BreastsWide.016,1,VNeck 1
BreastsNarrow.016,MESH,3974,2076,4063,1989,BreastsNarrow.016,1,VNeck 1
ButtOut.024,MESH,3974,2076,4063,1989,ButtOut.024,1,VNeck 1
ButtIn.024,MESH,3974,2076,4063,1989,ButtIn.024,1,VNeck 1
ButtUp.024,MESH,3974,2076,4063,1989,ButtUp.024,1,VNeck 1
ButtDown.023,MESH,3974,2076,4063,1989,ButtDown.023,1,VNeck 1
ButtWide.024,MESH,3974,2076,4063,1989,ButtWide.024,1,VNeck 1
ButtNarrow.023,MESH,3974,2076,4063,1989,ButtNarrow.023,1,VNeck 1
LoveHandlesOut.021,MESH,3974,2076,4063,1989,LoveHandlesOut.021,1,VNeck 1
LoveHandlesIn.022,MESH,3974,2076,4063,1989,LoveHandlesIn.022,1,VNeck 1
MidsectionWide.025,MESH,3974,2076,4063,1989,MidsectionWide.025,1,VNeck 1
MidsectionNarrow.023,MESH,3974,2076,4063,1989,MidsectionNarrow.023,1,VNeck 1
WaistWide.023,MESH,3974,2076,4063,1989,WaistWide.023,1,VNeck 1
WaistThin.024,MESH,3974,2076,4063,1989,WaistThin.024,1,VNeck 1
NeckThick.021,MESH,3974,2076,4063,1989,NeckThick.021,1,VNeck 1
NeckObese.021,MESH,3974,2076,4063,1989,NeckObese.021,1,VNeck 1
WristThick.009,MESH,3974,2076,4063,1989,WristThick.009,1,VNeck 1
WristThin.010,MESH,3974,2076,4063,1989,WristThin.010,1,VNeck 1
TrapsLarge.014,MESH,3974,2076,4063,1989,TrapsLarge.014,1,VNeck 1
DeltoidsLarge.013,MESH,3974,2076,4063,1989,DeltoidsLarge.012,1,VNeck 1
ForearmsLarge.008,MESH,3974,2076,4063,1989,ForearmsLarge.007,1,VNeck 1
TricepsLarge.013,MESH,3974,2076,4063,1989,TricepsLarge.012,1,VNeck 1
BicepsLarge.012,MESH,3974,2076,4063,1989,BicepsLarge.011,1,VNeck 1
Tall.040,MESH,1040,554,1074,522,Tall.037,1,*Polo
Skinny.046,MESH,1040,554,1074,522,Skinny.046,1,*Polo
Obese.051,MESH,1040,554,1074,522,Obese.048,1,*Polo
Muscular.031,MESH,1040,554,1074,522,Muscular.031,1,*Polo
Old.032,MESH,1040,554,1074,522,Old.032,1,*Polo
ChildishF.048,MESH,1040,554,1074,522,ChildishF.046,1,*Polo
Polo,MESH,1040,554,1074,522,Polo,1,*Polo
BicepsLarge.011,MESH,1040,554,1074,522,BicepsLarge.010,1,Polo 1
BreastsAngleDown.015,MESH,1040,554,1074,522,BreastsAngleDown.015,1,Polo 1
BreastsAngleUp.015,MESH,1040,554,1074,522,BreastsAngleUp.015,1,Polo 1
BreastsCone.015,MESH,1040,554,1074,522,BreastsCone.015,1,Polo 1
BreastsDown.015,MESH,1040,554,1074,522,BreastsDown.015,1,Polo 1
BreastsLarge.014,MESH,1040,554,1074,522,BreastsLarge.013,1,Polo 1
BreastsNarrow.015,MESH,1040,554,1074,522,BreastsNarrow.015,1,Polo 1
BreastsRound.015,MESH,1040,554,1074,522,BreastsRound.015,1,Polo 1
BreastsSmall.015,MESH,1040,554,1074,522,BreastsSmall.015,1,Polo 1
BreastsUp.015,MESH,1040,554,1074,522,BreastsUp.015,1,Polo 1
BreastsWide.015,MESH,1040,554,1074,522,BreastsWide.015,1,Polo 1
ButtDown.022,MESH,1040,554,1074,522,ButtDown.022,1,Polo 1
ButtIn.023,MESH,1040,554,1074,522,ButtIn.023,1,Polo 1
ButtNarrow.022,MESH,1040,554,1074,522,ButtNarrow.022,1,Polo 1
ButtOut.023,MESH,1040,554,1074,522,ButtOut.023,1,Polo 1
ButtUp.023,MESH,1040,554,1074,522,ButtUp.023,1,Polo 1
ButtWide.023,MESH,1040,554,1074,522,ButtWide.023,1,Polo 1
DeltoidsLarge.012,MESH,1040,554,1074,522,DeltoidsLarge.011,1,Polo 1
ForearmsLarge.007,MESH,1040,554,1074,522,ForearmsLarge.006,1,Polo 1
LoveHandlesIn.021,MESH,1040,554,1074,522,LoveHandlesIn.021,1,Polo 1
LoveHandlesOut.020,MESH,1040,554,1074,522,LoveHandlesOut.020,1,Polo 1
MidsectionNarrow.022,MESH,1040,554,1074,522,MidsectionNarrow.022,1,Polo 1
MidsectionWide.024,MESH,1040,554,1074,522,MidsectionWide.024,1,Polo 1
NeckObese.020,MESH,1040,554,1074,522,NeckObese.020,1,Polo 1
NeckThick.020,MESH,1040,554,1074,522,NeckThick.020,1,Polo 1
ThighsThick.021,MESH,1040,554,1074,522,ThighsThick.021,1,Polo 1
TrapsLarge.013,MESH,1040,554,1074,522,TrapsLarge.013,1,Polo 1
TricepsLarge.012,MESH,1040,554,1074,522,TricepsLarge.011,1,Polo 1
WaistThin.023,MESH,1040,554,1074,522,WaistThin.023,1,Polo 1
WaistWide.022,MESH,1040,554,1074,522,WaistWide.022,1,Polo 1
Tall.041,MESH,2217,2217,3383,1166,Tall.038,1,*MiniTop
Obese.052,MESH,2217,2217,3383,1166,Obese.049,1,*MiniTop
Skinny.047,MESH,2217,2217,3383,1166,Skinny.047,1,*MiniTop
Muscular.032,MESH,2217,2217,3383,1166,Muscular.032,1,*MiniTop
Old.033,MESH,2217,2217,3383,1166,Old.033,1,*MiniTop
Childish,MESH,2217,2217,3383,1166,Childish,1,*MiniTop
MiniTop,MESH,2217,2217,3383,1166,MiniTop,1,*MiniTop
BreastsSmall.018,MESH,2217,2217,3383,1166,BreastsSmall.018,1,MiniTop 1
BreastsCone.018,MESH,2217,2217,3383,1166,BreastsCone.018,1,MiniTop 1
BreastsAngleUp.018,MESH,2217,2217,3383,1166,BreastsAngleUp.018,1,MiniTop 1
BreastsAngleDown.018,MESH,2217,2217,3383,1166,BreastsAngleDown.018,1,MiniTop 1
BreastsRound.018,MESH,2217,2217,3383,1166,BreastsRound.018,1,MiniTop 1
BreastsLarge.017,MESH,2217,2217,3383,1166,BreastsLarge.016,1,MiniTop 1
BreastsUp.018,MESH,2217,2217,3383,1166,BreastsUp.018,1,MiniTop 1
BreastsDown.018,MESH,2217,2217,3383,1166,BreastsDown.018,1,MiniTop 1
BreastsWide.018,MESH,2217,2217,3383,1166,BreastsWide.018,1,MiniTop 1
BreastsNarrow.018,MESH,2217,2217,3383,1166,BreastsNarrow.018,1,MiniTop 1
LoveHandlesOut.023,MESH,2217,2217,3383,1166,LoveHandlesOut.023,1,MiniTop 1
LoveHandlesIn.024,MESH,2217,2217,3383,1166,LoveHandlesIn.024,1,MiniTop 1
MidsectionWide.027,MESH,2217,2217,3383,1166,MidsectionWide.027,1,MiniTop 1
MidsectionNarrow.025,MESH,2217,2217,3383,1166,MidsectionNarrow.025,1,MiniTop 1
WaistWide.025,MESH,2217,2217,3383,1166,WaistWide.025,1,MiniTop 1
WaistThin.026,MESH,2217,2217,3383,1166,WaistThin.026,1,MiniTop 1
Old.014,MESH,8727,8727,12966,4358,Old.014,1,Minidress
ChildishF.046,MESH,8727,8727,12966,4358,ChildishF.044,1,Minidress
Skinny.048,MESH,8727,8727,12966,4358,Skinny.048,1,Minidress
Obese.053,MESH,8727,8727,12966,4358,Obese.050,1,Minidress
Muscular.033,MESH,8727,8727,12966,4358,Muscular.033,1,Minidress
Tall.055,MESH,8727,8727,12966,4358,Tall.052,1,Minidress
MiniDress,MESH,8727,8727,12966,4358,MiniDress,1,Minidress
NeckThick.023,MESH,8727,8727,12966,4358,NeckThick.023,1,Minidress 1
BicepsLarge.013,MESH,8727,8727,12966,4358,BicepsLarge.012,1,Minidress 1
BreastsAngleDown.019,MESH,8727,8727,12966,4358,BreastsAngleDown.019,1,Minidress 1
BreastsAngleUp.019,MESH,8727,8727,12966,4358,BreastsAngleUp.019,1,Minidress 1
BreastsCone.019,MESH,8727,8727,12966,4358,BreastsCone.019,1,Minidress 1
BreastsDown.019,MESH,8727,8727,12966,4358,BreastsDown.019,1,Minidress 1
BreastsLarge.018,MESH,8727,8727,12966,4358,BreastsLarge.017,1,Minidress 1
BreastsNarrow.019,MESH,8727,8727,12966,4358,BreastsNarrow.019,1,Minidress 1
BreastsRound.019,MESH,8727,8727,12966,4358,BreastsRound.019,1,Minidress 1
BreastsSmall.019,MESH,8727,8727,12966,4358,BreastsSmall.019,1,Minidress 1
BreastsUp.019,MESH,8727,8727,12966,4358,BreastsUp.019,1,Minidress 1
BreastsWide.019,MESH,8727,8727,12966,4358,BreastsWide.019,1,Minidress 1
ButtDown.025,MESH,8727,8727,12966,4358,ButtDown.025,1,Minidress 1
ButtIn.026,MESH,8727,8727,12966,4358,ButtIn.026,1,Minidress 1
ButtNarrow.025,MESH,8727,8727,12966,4358,ButtNarrow.025,1,Minidress 1
ButtOut.026,MESH,8727,8727,12966,4358,ButtOut.026,1,Minidress 1
ButtWide.026,MESH,8727,8727,12966,4358,ButtWide.026,1,Minidress 1
DeltoidsLarge.015,MESH,8727,8727,12966,4358,DeltoidsLarge.014,1,Minidress 1
MidsectionNarrow.026,MESH,8727,8727,12966,4358,MidsectionNarrow.026,1,Minidress 1
MidsectionWide.028,MESH,8727,8727,12966,4358,MidsectionWide.028,1,Minidress 1
NeckObese.023,MESH,8727,8727,12966,4358,NeckObese.023,1,Minidress 1
ThighsLarge,MESH,8727,8727,12966,4358,ThighsLarge,1,Minidress 1
TrapsLarge.016,MESH,8727,8727,12966,4358,TrapsLarge.016,1,Minidress 1
TricepsLarge.015,MESH,8727,8727,12966,4358,TricepsLarge.014,1,Minidress 1
WaistThin.027,MESH,8727,8727,12966,4358,WaistThin.027,1,Minidress 1
WaistWide.026,MESH,8727,8727,12966,4358,WaistWide.026,1,Minidress 1
Old.015,MESH,2156,1122,2218,1098,Old.015,1,*IOTV
ChildishF.028,MESH,2156,1122,2218,1098,ChildishF.026,1,*IOTV
ChildishF.049,MESH,2156,1122,2218,1098,ChildishF.047,1,*IOTV
Muscular.034,MESH,2156,1122,2218,1098,Muscular.034,1,*IOTV
Tall.056,MESH,2156,1122,2218,1098,Tall.053,1,*IOTV
Skinny.049,MESH,2156,1122,2218,1098,Skinny.049,1,*IOTV
Obese.054,MESH,2156,1122,2218,1098,Obese.051,1,*IOTV
IOTV,MESH,2156,1122,2218,1098,IOTV,1,*IOTV
BreastsAngleUp.017,MESH,2156,1122,2218,1098,BreastsAngleUp.017,1,IOTV 1
BreastsAngleDown.017,MESH,2156,1122,2218,1098,BreastsAngleDown.017,1,IOTV 1
BreastsRound.017,MESH,2156,1122,2218,1098,BreastsRound.017,1,IOTV 1
BreastsCone.017,MESH,2156,1122,2218,1098,BreastsCone.017,1,IOTV 1
BreastsSmall.017,MESH,2156,1122,2218,1098,BreastsSmall.017,1,IOTV 1
BreastsLarge.016,MESH,2156,1122,2218,1098,BreastsLarge.015,1,IOTV 1
BreastsUp.017,MESH,2156,1122,2218,1098,BreastsUp.017,1,IOTV 1
BreastsDown.017,MESH,2156,1122,2218,1098,BreastsDown.017,1,IOTV 1
BreastsWide.017,MESH,2156,1122,2218,1098,BreastsWide.017,1,IOTV 1
BreastsNarrow.017,MESH,2156,1122,2218,1098,BreastsNarrow.017,1,IOTV 1
ButtOut.025,MESH,2156,1122,2218,1098,ButtOut.025,1,IOTV 1
ButtIn.025,MESH,2156,1122,2218,1098,ButtIn.025,1,IOTV 1
ButtUp.025,MESH,2156,1122,2218,1098,ButtUp.025,1,IOTV 1
ButtDown.024,MESH,2156,1122,2218,1098,ButtDown.024,1,IOTV 1
ButtWide.025,MESH,2156,1122,2218,1098,ButtWide.025,1,IOTV 1
ButtNarrow.024,MESH,2156,1122,2218,1098,ButtNarrow.024,1,IOTV 1
LoveHandlesOut.022,MESH,2156,1122,2218,1098,LoveHandlesOut.022,1,IOTV 1
LoveHandlesIn.023,MESH,2156,1122,2218,1098,LoveHandlesIn.023,1,IOTV 1
MidsectionWide.026,MESH,2156,1122,2218,1098,MidsectionWide.026,1,IOTV 1
MidsectionNarrow.024,MESH,2156,1122,2218,1098,MidsectionNarrow.024,1,IOTV 1
WaistWide.024,MESH,2156,1122,2218,1098,WaistWide.024,1,IOTV 1
WaistThin.025,MESH,2156,1122,2218,1098,WaistThin.025,1,IOTV 1
ThighsThick.022,MESH,2156,1122,2218,1098,ThighsThick.022,1,IOTV 1
NeckThick.022,MESH,2156,1122,2218,1098,NeckThick.022,1,IOTV 1
NeckObese.022,MESH,2156,1122,2218,1098,NeckObese.022,1,IOTV 1
WristThick.010,MESH,2156,1122,2218,1098,WristThick.010,1,IOTV 1
WristThin.011,MESH,2156,1122,2218,1098,WristThin.011,1,IOTV 1
TrapsLarge.015,MESH,2156,1122,2218,1098,TrapsLarge.015,1,IOTV 1
DeltoidsLarge.014,MESH,2156,1122,2218,1098,DeltoidsLarge.013,1,IOTV 1
ForearmsLarge.009,MESH,2156,1122,2218,1098,ForearmsLarge.008,1,IOTV 1
TricepsLarge.014,MESH,2156,1122,2218,1098,TricepsLarge.013,1,IOTV 1
BicepsLArge,MESH,2156,1122,2218,1098,BicepsLArge,1,IOTV 1
Old.016,MESH,5186,2846,5441,2596,Old.016,1,Henley
ChildishF.029,MESH,5186,2846,5441,2596,ChildishF.027,1,Henley
ChildishF.050,MESH,5186,2846,5441,2596,ChildishF.048,1,Henley
Muscular.035,MESH,5186,2846,5441,2596,Muscular.035,1,Henley
Tall.057,MESH,5186,2846,5441,2596,Tall.054,1,Henley
Skinny.050,MESH,5186,2846,5441,2596,Skinny.050,1,Henley
Obese.055,MESH,5186,2846,5441,2596,Obese.052,1,Henley
Henley,MESH,5186,2846,5441,2596,Henley,1,Henley
NeckThick.024,MESH,5186,2846,5441,2596,NeckThick.024,1,Henley 1
NeckObese.024,MESH,5186,2846,5441,2596,NeckObese.024,1,Henley 1
TrapsLarge.017,MESH,5186,2846,5441,2596,TrapsLarge.017,1,Henley 1
DeltoidsLarge.016,MESH,5186,2846,5441,2596,DeltoidsLarge.015,1,Henley 1
BreastsAngleUp.020,MESH,5186,2846,5441,2596,BreastsAngleUp.020,1,Henley 1
BreastsAngleDown.020,MESH,5186,2846,5441,2596,BreastsAngleDown.020,1,Henley 1
BreastsRound.020,MESH,5186,2846,5441,2596,BreastsRound.020,1,Henley 1
BreastsCone.020,MESH,5186,2846,5441,2596,BreastsCone.020,1,Henley 1
BreastsSmall.020,MESH,5186,2846,5441,2596,BreastsSmall.020,1,Henley 1
BreastsLarge.019,MESH,5186,2846,5441,2596,BreastsLarge.018,1,Henley 1
BreastsUp.020,MESH,5186,2846,5441,2596,BreastsUp.020,1,Henley 1
BreastDown,MESH,5186,2846,5441,2596,BreastDown,1,Henley 1
BreastsWide.020,MESH,5186,2846,5441,2596,BreastsWide.020,1,Henley 1
BreastsNarrow.020,MESH,5186,2846,5441,2596,BreastsNarrow.020,1,Henley 1
ButtOut.027,MESH,5186,2846,5441,2596,ButtOut.027,1,Henley 1
ButtIn.027,MESH,5186,2846,5441,2596,ButtIn.027,1,Henley 1
ButtUp.026,MESH,5186,2846,5441,2596,ButtUp.026,1,Henley 1
ButtDown.026,MESH,5186,2846,5441,2596,ButtDown.026,1,Henley 1
ButtWide.027,MESH,5186,2846,5441,2596,ButtWide.027,1,Henley 1
ButtNarrow.026,MESH,5186,2846,5441,2596,ButtNarrow.026,1,Henley 1
MidsectionWide.029,MESH,5186,2846,5441,2596,MidsectionWide.029,1,Henley 1
MidsectionNarrow.027,MESH,5186,2846,5441,2596,MidsectionNarrow.027,1,Henley 1
WaistWide.027,MESH,5186,2846,5441,2596,WaistWide.027,1,Henley 1
WaistThin.028,MESH,5186,2846,5441,2596,WaistThin.028,1,Henley 1
ForearmsLarge.010,MESH,5186,2846,5441,2596,ForearmsLarge.009,1,Henley 1
TricepsLarge.016,MESH,5186,2846,5441,2596,TricepsLarge.015,1,Henley 1
BicepsLarge.014,MESH,5186,2846,5441,2596,BicepsLarge.013,1,Henley 1
Old.017,MESH,3124,1683,3270,1594,Old.017,1,DressyTank
ChildishF.030,MESH,3124,1683,3270,1594,ChildishF.028,1,DressyTank
Tall.058,MESH,3124,1683,3270,1594,Tall.055,1,DressyTank
Muscular.036,MESH,3124,1683,3270,1594,Muscular.036,1,DressyTank
Skinny.051,MESH,3124,1683,3270,1594,Skinny.051,1,DressyTank
Obese.056,MESH,3124,1683,3270,1594,Obese.053,1,DressyTank
DressyTank,MESH,3124,1683,3270,1594,DressyTank,1,DressyTank
BreastsAngleUp.021,MESH,3124,1683,3270,1594,BreastsAngleUp.021,1,DressyTank 1
BreastsAngleDown.021,MESH,3124,1683,3270,1594,BreastsAngleDown.021,1,DressyTank 1
BreastsRound.021,MESH,3124,1683,3270,1594,BreastsRound.021,1,DressyTank 1
BreastsCone.021,MESH,3124,1683,3270,1594,BreastsCone.021,1,DressyTank 1
BreastsSmall.021,MESH,3124,1683,3270,1594,BreastsSmall.021,1,DressyTank 1
BreastsBig.001,MESH,3124,1683,3270,1594,BreastsBig.002,1,DressyTank 1
BreastsUp.021,MESH,3124,1683,3270,1594,BreastsUp.021,1,DressyTank 1
BreastsDown.020,MESH,3124,1683,3270,1594,BreastsDown.020,1,DressyTank 1
BreastsWide.021,MESH,3124,1683,3270,1594,BreastsWide.021,1,DressyTank 1
BreastsNarrow.021,MESH,3124,1683,3270,1594,BreastsNarrow.021,1,DressyTank 1
ButtOut.028,MESH,3124,1683,3270,1594,ButtOut.028,1,DressyTank 1
ButtIn.028,MESH,3124,1683,3270,1594,ButtIn.028,1,DressyTank 1
ButtUp.027,MESH,3124,1683,3270,1594,ButtUp.027,1,DressyTank 1
ButtDown.027,MESH,3124,1683,3270,1594,ButtDown.027,1,DressyTank 1
ButtWide.028,MESH,3124,1683,3270,1594,ButtWide.028,1,DressyTank 1
ButtNarrow.027,MESH,3124,1683,3270,1594,ButtNarrow.027,1,DressyTank 1
LoveHandlesOut.024,MESH,3124,1683,3270,1594,LoveHandlesOut.024,1,DressyTank 1
LoveHandlesIn.025,MESH,3124,1683,3270,1594,LoveHandlesIn.025,1,DressyTank 1
MidsectionWide.030,MESH,3124,1683,3270,1594,MidsectionWide.030,1,DressyTank 1
MidsectionNarrow.028,MESH,3124,1683,3270,1594,MidsectionNarrow.028,1,DressyTank 1
WaistWide.028,MESH,3124,1683,3270,1594,WaistWide.028,1,DressyTank 1
WaistThin.029,MESH,3124,1683,3270,1594,WaistThin.029,1,DressyTank 1
ThighsThick.023,MESH,3124,1683,3270,1594,ThighsThick.023,1,DressyTank 1
TrapsLarge.018,MESH,3124,1683,3270,1594,TrapsLarge.018,1,DressyTank 1
DeltoidsLarge.017,MESH,3124,1683,3270,1594,DeltoidsLarge.016,1,DressyTank 1
Old.018,MESH,4300,2453,4663,2224,Old.018,1,DressShirtUntucked
ChildishF.051,MESH,4300,2453,4663,2224,ChildishF.049,1,DressShirtUntucked
Muscular.037,MESH,4300,2453,4663,2224,Muscular.037,1,DressShirtUntucked
Tall.059,MESH,4300,2453,4663,2224,Tall.056,1,DressShirtUntucked
Obese.057,MESH,4300,2453,4663,2224,Obese.054,1,DressShirtUntucked
DressShitUntucked,MESH,4300,2453,4663,2224,DressShitUntucked,1,DressShirtUntucked
BreastsAngleUp.022,MESH,4300,2453,4663,2224,BreastsAngleUp.022,1,DressShirtUntucked 1
BreastsAngleDown.022,MESH,4300,2453,4663,2224,BreastsAngleDown.022,1,DressShirtUntucked 1
BreastsRound.022,MESH,4300,2453,4663,2224,BreastsRound.022,1,DressShirtUntucked 1
BreastsCone.022,MESH,4300,2453,4663,2224,BreastsCone.022,1,DressShirtUntucked 1
BreastsSmall.022,MESH,4300,2453,4663,2224,BreastsSmall.022,1,DressShirtUntucked 1
BreastsLarge.020,MESH,4300,2453,4663,2224,BreastsLarge.019,1,DressShirtUntucked 1
BreastsUp.022,MESH,4300,2453,4663,2224,BreastsUp.022,1,DressShirtUntucked 1
BreastsDown.021,MESH,4300,2453,4663,2224,BreastsDown.021,1,DressShirtUntucked 1
BreastsWide.022,MESH,4300,2453,4663,2224,BreastsWide.022,1,DressShirtUntucked 1
BreastsNarrow.022,MESH,4300,2453,4663,2224,BreastsNarrow.022,1,DressShirtUntucked 1
ButtOut.029,MESH,4300,2453,4663,2224,ButtOut.029,1,DressShirtUntucked 1
ButtIn.029,MESH,4300,2453,4663,2224,ButtIn.029,1,DressShirtUntucked 1
ButtUp.028,MESH,4300,2453,4663,2224,ButtUp.028,1,DressShirtUntucked 1
ButtDown.028,MESH,4300,2453,4663,2224,ButtDown.028,1,DressShirtUntucked 1
ButtWide.029,MESH,4300,2453,4663,2224,ButtWide.029,1,DressShirtUntucked 1
ButtNarrow.028,MESH,4300,2453,4663,2224,ButtNarrow.028,1,DressShirtUntucked 1
LoveHandlesOut.025,MESH,4300,2453,4663,2224,LoveHandlesOut.025,1,DressShirtUntucked 1
LoveHandlesIn.026,MESH,4300,2453,4663,2224,LoveHandlesIn.026,1,DressShirtUntucked 1
MidsectionWide.031,MESH,4300,2453,4663,2224,MidsectionWide.031,1,DressShirtUntucked 1
MidsectionNarrow.029,MESH,4300,2453,4663,2224,MidsectionNarrow.029,1,DressShirtUntucked 1
WaistWide.029,MESH,4300,2453,4663,2224,WaistWide.029,1,DressShirtUntucked 1
WaistThin.030,MESH,4300,2453,4663,2224,WaistThin.030,1,DressShirtUntucked 1
NeckThick.025,MESH,4300,2453,4663,2224,NeckThick.025,1,DressShirtUntucked 1
NeckObese.025,MESH,4300,2453,4663,2224,NeckObese.025,1,DressShirtUntucked 1
ThighsThick.024,MESH,4300,2453,4663,2224,ThighsThick.024,1,DressShirtUntucked 1
WristThick.011,MESH,4300,2453,4663,2224,WristThick.011,1,DressShirtUntucked 1
WristThin.012,MESH,4300,2453,4663,2224,WristThin.012,1,DressShirtUntucked 1
TrapsLarge.019,MESH,4300,2453,4663,2224,TrapsLarge.019,1,DressShirtUntucked 1
DeltoidsLarge.018,MESH,4300,2453,4663,2224,DeltoidsLarge.017,1,DressShirtUntucked 1
ForearmsLarge.011,MESH,4300,2453,4663,2224,ForearmsLarge.010,1,DressShirtUntucked 1
TricepsLarge.017,MESH,4300,2453,4663,2224,TricepsLarge.016,1,DressShirtUntucked 1
BicepsLarge.015,MESH,4300,2453,4663,2224,BicepsLarge.014,1,DressShirtUntucked 1
Tall.042,MESH,4024,2230,4297,2080,Tall.039,1,DressShirtTucked
ChildishF.031,MESH,4024,2230,4297,2080,ChildishF.029,1,DressShirtTucked
Old.019,MESH,4024,2230,4297,2080,Old.019,1,DressShirtTucked
Muscular.038,MESH,4024,2230,4297,2080,Muscular.038,1,DressShirtTucked
Skinny.052,MESH,4300,2453,4663,2224,Skinny.052,1,DressShirtTucked
Obese.058,MESH,4024,2230,4297,2080,Obese.055,1,DressShirtTucked
DressShirtTucked,MESH,4024,2230,4297,2080,DressShirtTucked,1,DressShirtTucked
BreastsAngleUp.023,MESH,4024,2230,4297,2080,BreastsAngleUp.023,1,DressShirtTucked 1
BreastsAngleDown.023,MESH,4024,2230,4297,2080,BreastsAngleDown.023,1,DressShirtTucked 1
BreastsRound.023,MESH,4024,2230,4297,2080,BreastsRound.023,1,DressShirtTucked 1
BreastsCone.023,MESH,4024,2230,4297,2080,BreastsCone.023,1,DressShirtTucked 1
BreastsSmall.023,MESH,4024,2230,4297,2080,BreastsSmall.023,1,DressShirtTucked 1
BreastsLarge.021,MESH,4024,2230,4297,2080,BreastsLarge.020,1,DressShirtTucked 1
BreastsUp.023,MESH,4024,2230,4297,2080,BreastsUp.023,1,DressShirtTucked 1
BreastsDown.022,MESH,4024,2230,4297,2080,BreastsDown.022,1,DressShirtTucked 1
BreastsWide.023,MESH,4024,2230,4297,2080,BreastsWide.023,1,DressShirtTucked 1
BreastsNarrow.023,MESH,4024,2230,4297,2080,BreastsNarrow.023,1,DressShirtTucked 1
ButtOut.030,MESH,4024,2230,4297,2080,ButtOut.030,1,DressShirtTucked 1
ButtIn.030,MESH,4024,2230,4297,2080,ButtIn.030,1,DressShirtTucked 1
ButtUp.029,MESH,4024,2230,4297,2080,ButtUp.029,1,DressShirtTucked 1
ButtDown.029,MESH,4024,2230,4297,2080,ButtDown.029,1,DressShirtTucked 1
ButtWide.030,MESH,4024,2230,4297,2080,ButtWide.030,1,DressShirtTucked 1
ButtNarrow.029,MESH,4024,2230,4297,2080,ButtNarrow.029,1,DressShirtTucked 1
MidsectionWide.032,MESH,4024,2230,4297,2080,MidsectionWide.032,1,DressShirtTucked 1
MidsectionNarrow.030,MESH,4024,2230,4297,2080,MidsectionNarrow.030,1,DressShirtTucked 1
WaistWide.030,MESH,4024,2230,4297,2080,WaistWide.030,1,DressShirtTucked 1
WaistThin.031,MESH,4024,2230,4297,2080,WaistThin.031,1,DressShirtTucked 1
WristThick.012,MESH,4024,2230,4297,2080,WristThick.012,1,DressShirtTucked 1
WristThin.013,MESH,4024,2230,4297,2080,WristThin.013,1,DressShirtTucked 1
NeckThick.026,MESH,4024,2230,4297,2080,NeckThick.026,1,DressShirtTucked 1
NeckObese.026,MESH,4024,2230,4297,2080,NeckObese.026,1,DressShirtTucked 1
TrapsLarge.020,MESH,4024,2230,4297,2080,TrapsLarge.020,1,DressShirtTucked 1
DeltoidsLarge.019,MESH,4024,2230,4297,2080,DeltoidsLarge.018,1,DressShirtTucked 1
TricepsLarge.018,MESH,4024,2230,4297,2080,TricepsLarge.017,1,DressShirtTucked 1
ACU-RolledUp-ChildishF,MESH,1332,770,1436,668,ACU-RolledUp-ChildishF,1,ACURolledUp
ACU-RolledUp-Old,MESH,1332,770,1436,668,ACU-RolledUp-Old,1,ACURolledUp
ChildishF.052,MESH,1332,770,1436,668,ChildishF.050,1,ACURolledUp
Muscular.039,MESH,1332,770,1436,668,Muscular.039,1,ACURolledUp
Skinny.053,MESH,1332,770,1436,668,Skinny.053,1,ACURolledUp
Obese.059,MESH,1332,770,1436,668,Obese.056,1,ACURolledUp
Tall.060,MESH,1332,770,1436,668,Tall.057,1,ACURolledUp
ACURolledUp,MESH,1332,770,1436,668,ACURolledUp,1,ACURolledUp
BreastsAngleUp.024,MESH,1332,770,1436,668,BreastsAngleUp.024,1,ACURolledUp 1
BreastsAngleDown.024,MESH,1332,770,1436,668,BreastsAngleDown.024,1,ACURolledUp 1
BreastsRound.024,MESH,1332,770,1436,668,BreastsRound.024,1,ACURolledUp 1
BreastsCone.024,MESH,1332,770,1436,668,BreastsCone.024,1,ACURolledUp 1
BreastsSmall.024,MESH,1332,770,1436,668,BreastsSmall.024,1,ACURolledUp 1
BreastsLarge.022,MESH,1332,770,1436,668,BreastsLarge.021,1,ACURolledUp 1
BreastsUp.024,MESH,1332,770,1436,668,BreastsUp.024,1,ACURolledUp 1
BreastsDown.023,MESH,1332,770,1436,668,BreastsDown.023,1,ACURolledUp 1
BreastsWide.024,MESH,1332,770,1436,668,BreastsWide.024,1,ACURolledUp 1
BreastsNarrow.024,MESH,1332,770,1436,668,BreastsNarrow.024,1,ACURolledUp 1
ButtOut.031,MESH,1332,770,1436,668,ButtOut.031,1,ACURolledUp 1
ButtIn.031,MESH,1332,770,1436,668,ButtIn.031,1,ACURolledUp 1
ButtUp.030,MESH,1332,770,1436,668,ButtUp.030,1,ACURolledUp 1
ButtDown.030,MESH,1332,770,1436,668,ButtDown.030,1,ACURolledUp 1
ButtWide.031,MESH,1332,770,1436,668,ButtWide.031,1,ACURolledUp 1
ButtNarrow.030,MESH,1332,770,1436,668,ButtNarrow.030,1,ACURolledUp 1
LoveHandlesOut.026,MESH,1332,770,1436,668,LoveHandlesOut.026,1,ACURolledUp 1
LoveHandlesIn.027,MESH,1332,770,1436,668,LoveHandlesIn.027,1,ACURolledUp 1
MidsectionWide.033,MESH,1332,770,1436,668,MidsectionWide.033,1,ACURolledUp 1
MidsectionNarrow.031,MESH,1332,770,1436,668,MidsectionNarrow.031,1,ACURolledUp 1
WaistWide.031,MESH,1332,770,1436,668,WaistWide.031,1,ACURolledUp 1
WaistThin.032,MESH,1332,770,1436,668,WaistThin.032,1,ACURolledUp 1
ThighsThick.025,MESH,1332,770,1436,668,ThighsThick.025,1,ACURolledUp 1
NeckThick.027,MESH,1332,770,1436,668,NeckThick.027,1,ACURolledUp 1
NeckObese.027,MESH,1332,770,1436,668,NeckObese.027,1,ACURolledUp 1
TrapsLarge.021,MESH,1332,770,1436,668,TrapsLarge.021,1,ACURolledUp 1
DeltoidsLarge.020,MESH,1332,770,1436,668,DeltoidsLarge.019,1,ACURolledUp 1
TricepsLarge.019,MESH,1332,770,1436,668,TricepsLarge.018,1,ACURolledUp 1
BicepsLarge.016,MESH,1332,770,1436,668,BicepsLarge.015,1,ACURolledUp 1
Old.035,MESH,5854,3119,6046,2929,3QuarterSleeve-Old,1,3/4 Sleeve
ChildishF.041,MESH,5854,3119,6046,2929,ChildishF.039,1,3/4 Sleeve
Muscular.040,MESH,5854,3119,6046,2929,Muscular.040,1,3/4 Sleeve
Tall.061,MESH,5854,3119,6046,2929,Tall.058,1,3/4 Sleeve
Skinny.054,MESH,5854,3119,6046,2929,Skinny.054,1,3/4 Sleeve
Obese.060,MESH,5854,3119,6046,2929,Obese.057,1,3/4 Sleeve
3QuarterSleeve,MESH,5854,3119,6046,2929,3QuarterSleeve.001,1,3/4 Sleeve
BicepsLarge.017,MESH,5854,3119,6046,2929,BicepsLarge.016,1,3/4 Sleeve 1
BreastsAndleDown,MESH,5854,3119,6046,2929,BreastsAndleDown.001,1,3/4 Sleeve 1
BreastsAngleUp.025,MESH,5854,3119,6046,2929,BreastsAngleUp.026,1,3/4 Sleeve 1
BreastsCone.025,MESH,5854,3119,6046,2929,BreastsCone.026,1,3/4 Sleeve 1
BreastsDown.024,MESH,5854,3119,6046,2929,BreastsDown.025,1,3/4 Sleeve 1
BreastsLarge.023,MESH,5854,3119,6046,2929,BreastsLarge.023,1,3/4 Sleeve 1
BreastsNarrow.025,MESH,5854,3119,6046,2929,BreastsNarrow.026,1,3/4 Sleeve 1
BreastsRound.025,MESH,5854,3119,6046,2929,BreastsRound.026,1,3/4 Sleeve 1
BreastsSmall.025,MESH,5854,3119,6046,2929,BreastsSmall.026,1,3/4 Sleeve 1
BreastsUp.025,MESH,5854,3119,6046,2929,BreastsUp.026,1,3/4 Sleeve 1
BreastsWide.025,MESH,5854,3119,6046,2929,BreastsWide.026,1,3/4 Sleeve 1
ButtDown.035,MESH,5854,3119,6046,2929,ButtDown.036,1,3/4 Sleeve 1
ButtIn.036,MESH,5854,3119,6046,2929,ButtIn.037,1,3/4 Sleeve 1
ButtNarrow.035,MESH,5854,3119,6046,2929,ButtNarrow.036,1,3/4 Sleeve 1
ButtOut.036,MESH,5854,3119,6046,2929,ButtOut.037,1,3/4 Sleeve 1
ButtUp.035,MESH,5854,3119,6046,2929,ButtUp.036,1,3/4 Sleeve 1
ButtWide.036,MESH,5854,3119,6046,2929,ButtWide.037,1,3/4 Sleeve 1
DeltoidsLarge.021,MESH,5854,3119,6046,2929,DeltoidsLarge.020,1,3/4 Sleeve 1
ForearmsLarge.012,MESH,5854,3119,6046,2929,ForearmsLarge.011,1,3/4 Sleeve 1
LoveHandlesIn.030,MESH,5854,3119,6046,2929,LoveHandlesIn.031,1,3/4 Sleeve 1
LoveHandlesOut.030,MESH,5854,3119,6046,2929,LoveHandlesOut.031,1,3/4 Sleeve 1
MidsectionNarrow.035,MESH,5854,3119,6046,2929,MidsectionNarrow.036,1,3/4 Sleeve 1
MidsectionWide.037,MESH,5854,3119,6046,2929,MidsectionWide.038,1,3/4 Sleeve 1
NeckObese.028,MESH,5854,3119,6046,2929,NeckObese.028,1,3/4 Sleeve 1
NeckThick.028,MESH,5854,3119,6046,2929,NeckThick.028,1,3/4 Sleeve 1
ThighsThick.030,MESH,5854,3119,6046,2929,ThighsThick.031,1,3/4 Sleeve 1
TrapsLarge.022,MESH,5854,3119,6046,2929,TrapsLarge.022,1,3/4 Sleeve 1
TricepsLarge.020,MESH,5854,3119,6046,2929,TricepsLarge.019,1,3/4 Sleeve 1
WaistThin.037,MESH,5854,3119,6046,2929,WaistThin.038,1,3/4 Sleeve 1
WaistWide.036,MESH,5854,3119,6046,2929,WaistWide.037,1,3/4 Sleeve 1
WristThick.013,MESH,5854,3119,6046,2929,WristThick.013,1,3/4 Sleeve 1
WristThin.014,MESH,5854,3119,6046,2929,WristThin.014,1,3/4 Sleeve 1
RacerBackTank-ChildishF,MESH,3422,1801,3554,1749,RacerBackTank-ChildishF,1,Racerback Tank
RacerBackTank-Old,MESH,3422,1801,3554,1749,RacerBackTank-Old,1,Racerback Tank
ChildishF.053,MESH,3422,1801,3554,1749,ChildishF.051,1,Racerback Tank
Athletic,MESH,3422,1801,3554,1749,Athletic,1,Racerback Tank
Tall.062,MESH,3422,1801,3554,1749,Tall.059,1,Racerback Tank
Skinny.055,MESH,3422,1801,3554,1749,Skinny.055,1,Racerback Tank
Obese.061,MESH,3422,1801,3554,1749,Obese.058,1,Racerback Tank
RacerbackTank,MESH,3422,1801,3554,1749,RacerbackTank,1,Racerback Tank
BreastsAngleUp.026,MESH,3422,1801,3554,1749,BreastsAngleUp.027,1,Racerback Tank 1
BreastsAngleDown.025,MESH,3422,1801,3554,1749,BreastsAngleDown.025,1,Racerback Tank 1
BreastsRound.026,MESH,3422,1801,3554,1749,BreastsRound.027,1,Racerback Tank 1
BreastsCone.026,MESH,3422,1801,3554,1749,BreastsCone.027,1,Racerback Tank 1
BreastsSmall.026,MESH,3422,1801,3554,1749,BreastsSmall.027,1,Racerback Tank 1
BreastsLarge.024,MESH,3422,1801,3554,1749,BreastsLarge.024,1,Racerback Tank 1
BreastsUp.026,MESH,3422,1801,3554,1749,BreastsUp.027,1,Racerback Tank 1
BreastsDown.025,MESH,3422,1801,3554,1749,BreastsDown.026,1,Racerback Tank 1
BreastsWide.026,MESH,3422,1801,3554,1749,BreastsWide.027,1,Racerback Tank 1
BreastNarrow,MESH,3422,1801,3554,1749,BreastNarrow,1,Racerback Tank 1
ButtOut.037,MESH,3422,1801,3554,1749,ButtOut.038,1,Racerback Tank 1
ButtIn.037,MESH,3422,1801,3554,1749,ButtIn.038,1,Racerback Tank 1
ButtUp.036,MESH,3422,1801,3554,1749,ButtUp.037,1,Racerback Tank 1
ButtDown.036,MESH,3422,1801,3554,1749,ButtDown.037,1,Racerback Tank 1
ButtWide.037,MESH,3422,1801,3554,1749,ButtWide.038,1,Racerback Tank 1
ButtNarrow.036,MESH,3422,1801,3554,1749,ButtNarrow.037,1,Racerback Tank 1
LoveHandlesOut.031,MESH,3422,1801,3554,1749,LoveHandlesOut.032,1,Racerback Tank 1
LoveHandlesIn.031,MESH,3422,1801,3554,1749,LoveHandlesIn.032,1,Racerback Tank 1
MidsectionWide.038,MESH,3422,1801,3554,1749,MidsectionWide.039,1,Racerback Tank 1
MidsectionNarrow.036,MESH,3422,1801,3554,1749,MidsectionNarrow.037,1,Racerback Tank 1
WaistWide.037,MESH,3422,1801,3554,1749,WaistWide.038,1,Racerback Tank 1
WaistThin.038,MESH,3422,1801,3554,1749,WaistThin.039,1,Racerback Tank 1
NeckThick.029,MESH,3422,1801,3554,1749,NeckThick.029,1,Racerback Tank 1
NeckObese.029,MESH,3422,1801,3554,1749,NeckObese.029,1,Racerback Tank 1
TrapsSmall,MESH,3422,1801,3554,1749,TrapsSmall.001,1,Racerback Tank 1
DeltoidsSmall.001,MESH,3422,1801,3554,1749,DeltoidsSmall.001,1,Racerback Tank 1
ThighsThick.031,MESH,3422,1801,3554,1749,ThighsThick.032,1,Racerback Tank 1
ChildishF.054,MESH,4362,2441,4622,2183,ChildishF.052,1,VNeckTee
Muscular.041,MESH,4362,2441,4622,2183,Muscular.041,1,VNeckTee
Tall.063,MESH,4362,2441,4622,2183,Tall.060,1,VNeckTee
Skinny.056,MESH,4362,2441,4622,2183,Skinny.056,1,VNeckTee
Obese.062,MESH,4362,2441,4622,2183,Obese.059,1,VNeckTee
VNeckTee,MESH,4362,2441,4622,2183,VNeckTee,1,VNeckTee
BreastsAngleUp.027,MESH,4362,2441,4622,2183,BreastsAngleUp.028,1,VNeckTee 1
BreastsAngleDown.026,MESH,4362,2441,4622,2183,BreastsAngleDown.026,1,VNeckTee 1
BreastsRound.027,MESH,4362,2441,4622,2183,BreastsRound.028,1,VNeckTee 1
BreastsCone.027,MESH,4362,2441,4622,2183,BreastsCone.028,1,VNeckTee 1
BreastsSmall.027,MESH,4362,2441,4622,2183,BreastsSmall.028,1,VNeckTee 1
BreastsLarge.025,MESH,4362,2441,4622,2183,BreastsLarge.025,1,VNeckTee 1
BreastsUp.027,MESH,4362,2441,4622,2183,BreastsUp.028,1,VNeckTee 1
BreastsDown.026,MESH,4362,2441,4622,2183,BreastsDown.027,1,VNeckTee 1
BreastsWide.027,MESH,4362,2441,4622,2183,BreastsWide.028,1,VNeckTee 1
BreastsNarrow.026,MESH,4362,2441,4622,2183,BreastsNarrow.027,1,VNeckTee 1
ButtOut.038,MESH,4362,2441,4622,2183,ButtOut.039,1,VNeckTee 1
ButtIn.038,MESH,4362,2441,4622,2183,ButtIn.039,1,VNeckTee 1
ButtUp.037,MESH,4362,2441,4622,2183,ButtUp.038,1,VNeckTee 1
ButtDown.037,MESH,4362,2441,4622,2183,ButtDown.038,1,VNeckTee 1
ButtWide.038,MESH,4362,2441,4622,2183,ButtWide.039,1,VNeckTee 1
ButtNarrow.037,MESH,4362,2441,4622,2183,ButtNarrow.038,1,VNeckTee 1
LoveHandlesOut.032,MESH,4362,2441,4622,2183,LoveHandlesOut.033,1,VNeckTee 1
LoveHandlesIn.032,MESH,4362,2441,4622,2183,LoveHandlesIn.033,1,VNeckTee 1
MidsectionWide.039,MESH,4362,2441,4622,2183,MidsectionWide.040,1,VNeckTee 1
MidsectionNarrow.037,MESH,4362,2441,4622,2183,MidsectionNarrow.038,1,VNeckTee 1
WaistWide.038,MESH,4362,2441,4622,2183,WaistWide.039,1,VNeckTee 1
WaistThin.039,MESH,4362,2441,4622,2183,WaistThin.040,1,VNeckTee 1
ThighsThick.032,MESH,4362,2441,4622,2183,ThighsThick.033,1,VNeckTee 1
NeckThick.030,MESH,4362,2441,4622,2183,NeckThick.030,1,VNeckTee 1
NeckObese.030,MESH,4362,2441,4622,2183,NeckObese.030,1,VNeckTee 1
TrapsLarge.023,MESH,4362,2441,4622,2183,TrapsLarge.023,1,VNeckTee 1
DeltoidsLarge.022,MESH,4362,2441,4622,2183,DeltoidsLarge.021,1,VNeckTee 1
TricepsLarge.021,MESH,4362,2441,4622,2183,TricepsLarge.020,1,VNeckTee 1
BicepsLarge.018,MESH,4362,2441,4622,2183,BicepsLarge.017,1,VNeckTee 1
ChildishF.055,MESH,1908,988,1942,954,ChildishF.053,1,BacklessHalter
Old.034,MESH,1908,988,1942,954,Old.034,1,BacklessHalter
Tall.066,MESH,1908,988,1942,954,Tall.063,1,BacklessHalter
Obese.071,MESH,1908,988,1942,954,Obese.066,1,BacklessHalter
Skinny.064,MESH,1908,988,1942,954,Skinny.062,1,BacklessHalter
Muscular.051,MESH,1908,988,1942,954,Muscular.049,1,BacklessHalter
BacklessHalter,MESH,1908,988,1942,954,BacklessHalter,1,BacklessHalter
BreastsAngleUp.028,MESH,1908,988,1942,954,BreastsAngleUp.029,1,BacklessHalter 1
BreastsAngleDown.027,MESH,1908,988,1942,954,BreastsAngleDown.027,1,BacklessHalter 1
BreastsRound.028,MESH,1908,988,1942,954,BreastsRound.029,1,BacklessHalter 1
BreastsCone.028,MESH,1908,988,1942,954,BreastsCone.029,1,BacklessHalter 1
BreastsSmall.028,MESH,1908,988,1942,954,BreastsSmall.029,1,BacklessHalter 1
BreastsLarge.026,MESH,1908,988,1942,954,BreastsLarge.026,1,BacklessHalter 1
BreastsUp.028,MESH,1908,988,1942,954,BreastsUp.029,1,BacklessHalter 1
BreastsDown.027,MESH,1908,988,1942,954,BreastsDown.028,1,BacklessHalter 1
BreastsWide.028,MESH,1908,988,1942,954,BreastsWide.029,1,BacklessHalter 1
BreastsNarrow.027,MESH,1908,988,1942,954,BreastsNarrow.028,1,BacklessHalter 1
ButtOut.039,MESH,1908,988,1942,954,ButtOut.040,1,BacklessHalter 1
ButtIn.039,MESH,1908,988,1942,954,ButtIn.040,1,BacklessHalter 1
ButtUp.038,MESH,1908,988,1942,954,ButtUp.039,1,BacklessHalter 1
ButtDown.038,MESH,1908,988,1942,954,ButtDown.039,1,BacklessHalter 1
ButtWide.039,MESH,1908,988,1942,954,ButtWide.040,1,BacklessHalter 1
ButtNarrow.038,MESH,1908,988,1942,954,ButtNarrow.039,1,BacklessHalter 1
LoveHandlesOut.033,MESH,1908,988,1942,954,LoveHandlesOut.034,1,BacklessHalter 1
LoveHandlesIn.033,MESH,1908,988,1942,954,LoveHandlesIn.034,1,BacklessHalter 1
MidsectionWide.040,MESH,1908,988,1942,954,MidsectionWide.041,1,BacklessHalter 1
MidsectionNarrow.038,MESH,1908,988,1942,954,MidsectionNarrow.039,1,BacklessHalter 1
WaistWide.039,MESH,1908,988,1942,954,WaistWide.040,1,BacklessHalter 1
WaistThin.040,MESH,1908,988,1942,954,WaistThin.041,1,BacklessHalter 1
ThighsThick.033,MESH,1908,988,1942,954,ThighsThick.034,1,BacklessHalter 1
NeckObese.031,MESH,1908,988,1942,954,NeckObese.031,1,BacklessHalter 1
NeckThick.031,MESH,1908,988,1942,954,NeckThick.031,1,BacklessHalter 1
TrapsLarge.024,MESH,1908,988,1942,954,TrapsLarge.024,1,BacklessHalter 1
DeltoidsLarge.023,MESH,1908,988,1942,954,DeltoidsLarge.022,1,BacklessHalter 1
Petite.014,MESH,3232,1670,3326,1664,SM_Top_Bikini,1,SK_Top_Bikini
SK_Top_Bikini,MESH,3232,1670,3326,1664,SM_Top_Bikini.001,1,SK_Top_Bikini
Tall.003,MESH,3232,1670,3326,1664,Tall.003,1,SK_Top_Bikini
ChildF.001,MESH,3232,1670,3326,1664,ChildF.001,1,SK_Top_Bikini
Old.009,MESH,3232,1670,3326,1664,Old.009,1,SK_Top_Bikini
SM_Top_Bikini_Fat,MESH,3232,1670,3326,1664,SM_Top_Bikini_Fat,1,SK_Top_Bikini
SM_Top_Bikini_Muscular,MESH,3232,1670,3326,1664,SM_Top_Bikini_Muscular,1,SK_Top_Bikini
SM_Top_Bikini_Skinny,MESH,3232,1670,3326,1664,SM_Top_Bikini_Skinny,1,SK_Top_Bikini
SM_Top_Bikini_BreastsAngleDown,MESH,3232,1670,3326,1664,SM_Top_Bikini_BreastsAngleDown,1,SK_Top_Bikini Shape Keys
SM_Top_Bikini_BreastsAngleUp,MESH,3232,1670,3326,1664,SM_Top_Bikini_BreastsAngleUp,1,SK_Top_Bikini Shape Keys
SM_Top_Bikini_BreastsBig,MESH,3232,1670,3326,1664,SM_Top_Bikini_BreastsBig,1,SK_Top_Bikini Shape Keys
SM_Top_Bikini_BreastsCone,MESH,3232,1670,3326,1664,SM_Top_Bikini_BreastsCone,1,SK_Top_Bikini Shape Keys
SM_Top_Bikini_BreastsDown,MESH,3232,1670,3326,1664,SM_Top_Bikini_BreastsDown,1,SK_Top_Bikini Shape Keys
SM_Top_Bikini_BreastsNarrow,MESH,3232,1670,3326,1664,SM_Top_Bikini_BreastsNarrow,1,SK_Top_Bikini Shape Keys
SM_Top_Bikini_BreastsRound,MESH,3232,1670,3326,1664,SM_Top_Bikini_BreastsRound,1,SK_Top_Bikini Shape Keys
SM_Top_Bikini_BreastsSmall,MESH,3232,1670,3326,1664,SM_Top_Bikini_BreastsSmall,1,SK_Top_Bikini Shape Keys
SM_Top_Bikini_BreastsUp,MESH,3232,1670,3326,1664,SM_Top_Bikini_BreastsUp,1,SK_Top_Bikini Shape Keys
SM_Top_Bikini_BreastsWide,MESH,3232,1670,3326,1664,SM_Top_Bikini_BreastsWide,1,SK_Top_Bikini Shape Keys
SM_Top_Bikini_DeltsBig,MESH,3232,1670,3326,1664,SM_Top_Bikini_DeltsBig,1,SK_Top_Bikini Shape Keys
SM_Top_Bikini_MidsectionNarrow,MESH,3232,1670,3326,1664,SM_Top_Bikini_MidsectionNarrow,1,SK_Top_Bikini Shape Keys
SM_Top_Bikini_MidsectionWide,MESH,3232,1670,3326,1664,SM_Top_Bikini_MidsectionWide,1,SK_Top_Bikini Shape Keys
SM_Top_Bikini_NeckFat,MESH,3232,1670,3326,1664,SM_Top_Bikini_NeckFat,1,SK_Top_Bikini Shape Keys
SM_Top_Bikini_NeckThick,MESH,3232,1670,3326,1664,SM_Top_Bikini_NeckThick,1,SK_Top_Bikini Shape Keys
SM_Top_Bikini_TrapsBig,MESH,3232,1670,3326,1664,SM_Top_Bikini_TrapsBig,1,SK_Top_Bikini Shape Keys
BreastsSmall.010,MESH,3232,1670,3326,1664,BreastsSmall.010,1,SK_Top_Bikini 2
BreastsAngleUp.010,MESH,3232,1670,3326,1664,BreastsAngleUp.010,1,SK_Top_Bikini 2
BreastsAngleDown.010,MESH,3232,1670,3326,1664,BreastsAngleDown.010,1,SK_Top_Bikini 2
BreastsUp.010,MESH,3232,1670,3326,1664,BreastsUp.010,1,SK_Top_Bikini 2
BreastsBig,MESH,3232,1670,3326,1664,BreastsBig.001,1,SK_Top_Bikini 2
BreastsCone.010,MESH,3232,1670,3326,1664,BreastsCone.010,1,SK_Top_Bikini 2
BreastsRound.010,MESH,3232,1670,3326,1664,BreastsRound.010,1,SK_Top_Bikini 2
BreastsDown.010,MESH,3232,1670,3326,1664,BreastsDown.010,1,SK_Top_Bikini 2
BreastsWide.010,MESH,3232,1670,3326,1664,BreastsWide.010,1,SK_Top_Bikini 2
BreastsNarrow.010,MESH,3232,1670,3326,1664,BreastsNarrow.010,1,SK_Top_Bikini 2
NeckThick.015,MESH,3232,1670,3326,1664,NeckThick.015,1,SK_Top_Bikini 2
NeckObese.015,MESH,3232,1670,3326,1664,NeckObese.015,1,SK_Top_Bikini 2
TrapsLarge.008,MESH,3232,1670,3326,1664,TrapsLarge.008,1,SK_Top_Bikini 2
DeltoidsLArge,MESH,3232,1670,3326,1664,DeltoidsLArge,1,SK_Top_Bikini 2
MidsectionWide.018,MESH,3232,1670,3326,1664,MidsectionWide.018,1,SK_Top_Bikini 2
MidsectionNarrow.017,MESH,3232,1670,3326,1664,MidsectionNarrow.017,1,SK_Top_Bikini 2
SK_F_TopUnderwear_Bikini,MESH,3232,1670,3326,1664,SK_F_TopUnderwear_Bikini,1,SK_Top_Bikini 2
SK_F_Top_Camisol,MESH,3288,1758,3402,1642,SM_F_Top_Camisol,1,SK_F_Top_Camisol
Tall.016,MESH,3288,1758,3402,1642,Tall.016,1,SK_F_Top_Camisol
ChildishF.013,MESH,3288,1758,3402,1642,ChildishF.013,1,SK_F_Top_Camisol
Old.011,MESH,3288,1758,3402,1642,Old.011,1,SK_F_Top_Camisol
Petite.013,MESH,3288,1758,3402,1642,SM_F_Top_Camisol.001,1,SK_F_Top_Camisol
SM_F_Top_Camisol_Fat,MESH,3288,1758,3402,1642,SM_F_Top_Camisol_Fat,1,SK_F_Top_Camisol
SM_F_Top_Camisol_Muscular,MESH,3288,1758,3402,1642,SM_F_Top_Camisol_Muscular,1,SK_F_Top_Camisol
SM_F_Top_Camisol_Skinny,MESH,3288,1758,3402,1642,SM_F_Top_Camisol_Skinny,1,SK_F_Top_Camisol
SM_F_Top_Camisol_BreastsAngleDown,MESH,3288,1758,3402,1642,SM_F_Top_Camisol_BreastsAngleDown,1,SK_F_Top_Camisol Shape Keys
SM_F_Top_Camisol_BreastsAngleUp,MESH,3288,1758,3402,1642,SM_F_Top_Camisol_BreastsAngleUp,1,SK_F_Top_Camisol Shape Keys
SM_F_Top_Camisol_BreastsBig,MESH,3288,1758,3402,1642,SM_F_Top_Camisol_BreastsBig,1,SK_F_Top_Camisol Shape Keys
SM_F_Top_Camisol_BreastsCone,MESH,3288,1758,3402,1642,SM_F_Top_Camisol_BreastsCone,1,SK_F_Top_Camisol Shape Keys
SM_F_Top_Camisol_BreastsDown,MESH,3288,1758,3402,1642,SM_F_Top_Camisol_BreastsDown,1,SK_F_Top_Camisol Shape Keys
SM_F_Top_Camisol_BreastsNarrow,MESH,3288,1758,3402,1642,SM_F_Top_Camisol_BreastsNarrow,1,SK_F_Top_Camisol Shape Keys
SM_F_Top_Camisol_BreastsRound,MESH,3288,1758,3402,1642,SM_F_Top_Camisol_BreastsRound,1,SK_F_Top_Camisol Shape Keys
SM_F_Top_Camisol_BreastsSmall,MESH,3288,1758,3402,1642,SM_F_Top_Camisol_BreastsSmall,1,SK_F_Top_Camisol Shape Keys
SM_F_Top_Camisol_BreastsUp,MESH,3288,1758,3402,1642,SM_F_Top_Camisol_BreastsUp,1,SK_F_Top_Camisol Shape Keys
SM_F_Top_Camisol_BreastsWide,MESH,3288,1758,3402,1642,SM_F_Top_Camisol_BreastsWide,1,SK_F_Top_Camisol Shape Keys
SM_F_Top_Camisol_ButtDown,MESH,3288,1758,3402,1642,SM_F_Top_Camisol_ButtDown,1,SK_F_Top_Camisol Shape Keys
SM_F_Top_Camisol_ButtIn,MESH,3288,1758,3402,1642,SM_F_Top_Camisol_ButtIn,1,SK_F_Top_Camisol Shape Keys
SM_F_Top_Camisol_ButtNarrow,MESH,3288,1758,3402,1642,SM_F_Top_Camisol_ButtNarrow,1,SK_F_Top_Camisol Shape Keys
SM_F_Top_Camisol_ButtOut,MESH,3288,1758,3402,1642,SM_F_Top_Camisol_ButtOut,1,SK_F_Top_Camisol Shape Keys
SM_F_Top_Camisol_ButtUp,MESH,3288,1758,3402,1642,SM_F_Top_Camisol_ButtUp,1,SK_F_Top_Camisol Shape Keys
SM_F_Top_Camisol_ButtWide,MESH,3288,1758,3402,1642,SM_F_Top_Camisol_ButtWide,1,SK_F_Top_Camisol Shape Keys
SM_F_Top_Camisol_DeltsBig,MESH,3288,1758,3402,1642,SM_F_Top_Camisol_DeltsBig,1,SK_F_Top_Camisol Shape Keys
SM_F_Top_Camisol_LoveHandlesIn,MESH,3288,1758,3402,1642,SM_F_Top_Camisol_LoveHandlesIn,1,SK_F_Top_Camisol Shape Keys
SM_F_Top_Camisol_MidsectionNarrow,MESH,3288,1758,3402,1642,SM_F_Top_Camisol_MidsectionNarrow,1,SK_F_Top_Camisol Shape Keys
SM_F_Top_Camisol_TrapsBig,MESH,3288,1758,3402,1642,SM_F_Top_Camisol_TrapsBig,1,SK_F_Top_Camisol Shape Keys
SM_F_Top_Camisol_WaistThin,MESH,3288,1758,3402,1642,SM_F_Top_Camisol_WaistThin,1,SK_F_Top_Camisol Shape Keys
SM_F_Top_Camisol_WaistWide,MESH,3288,1758,3402,1642,SM_F_Top_Camisol_WaistWide,1,SK_F_Top_Camisol Shape Keys
ChildF,MESH,1268,692,1326,636,ChildF,1,SportsBra
Tall.015,MESH,1268,692,1326,636,Tall.015,1,SportsBra
SM_F_Top_SportsBra,MESH,1268,692,1326,636,SM_F_Top_SportsBra,1,SportsBra
Old.010,MESH,1268,692,1326,636,Old.010,1,SportsBra
Petite.015,MESH,1268,692,1326,636,SM_F_Top_SportsBra.001,1,SportsBra
Obese.048,MESH,1268,692,1326,636,Obese.045,1,SportsBra
Skinny.042,MESH,1268,692,1326,636,Skinny.042,1,SportsBra
Muscular.029,MESH,1268,692,1326,636,Muscular.029,1,SportsBra
MidsectionWide.017,MESH,1268,692,1326,636,MidsectionWide.017,1,SportsBra 1
BreastsAngleDown.009,MESH,1268,692,1326,636,BreastsAngleDown.009,1,SportsBra 1
BreastsAngleUp.009,MESH,1268,692,1326,636,BreastsAngleUp.009,1,SportsBra 1
BreastsCone.009,MESH,1268,692,1326,636,BreastsCone.009,1,SportsBra 1
BreastsDown.009,MESH,1268,692,1326,636,BreastsDown.009,1,SportsBra 1
BreastsLarge.009,MESH,1268,692,1326,636,BreastsLarge.008,1,SportsBra 1
BreastsNarrow.009,MESH,1268,692,1326,636,BreastsNarrow.009,1,SportsBra 1
BreastsRound.009,MESH,1268,692,1326,636,BreastsRound.009,1,SportsBra 1
BreastsSmall.009,MESH,1268,692,1326,636,BreastsSmall.009,1,SportsBra 1
BreastsUp.009,MESH,1268,692,1326,636,BreastsUp.009,1,SportsBra 1
BreastsWide.009,MESH,1268,692,1326,636,BreastsWide.009,1,SportsBra 1
DeltoidsLarge.007,MESH,1268,692,1326,636,DeltoidsLarge.006,1,SportsBra 1
MidsectionNarrow.016,MESH,1268,692,1326,636,MidsectionNarrow.016,1,SportsBra 1
NeckObese.014,MESH,1268,692,1326,636,NeckObese.014,1,SportsBra 1
NeckThick.014,MESH,1268,692,1326,636,NeckThick.014,1,SportsBra 1
TrapsLarge.007,MESH,1268,692,1326,636,TrapsLarge.007,1,SportsBra 1
SK_F_Gloves_TacticalHalfFinger,MESH,2412,1344,2574,1234,SM_F_Gloves_TacticalHalfFinger,1,SK_F_Gloves_TacticalHalfFinger
SM_F_Gloves_TacticalHalfFinger_ForearmBig,MESH,2412,1344,2574,1234,SM_F_Gloves_TacticalHalfFinger_ForearmBig,1,SK_F_Gloves_TacticalHalfFinger
SM_F_Gloves_TacticalHalfFinger_WristBig,MESH,2412,1344,2574,1234,SM_F_Gloves_TacticalHalfFinger_WristBig,1,SK_F_Gloves_TacticalHalfFinger
SM_F_Gloves_TacticalHalfFinger_WristThin,MESH,2412,1344,2574,1234,SM_F_Gloves_TacticalHalfFinger_WristThin,1,SK_F_Gloves_TacticalHalfFinger
SM_F_Gloves_TacticalHalfFinger_FingersThin,MESH,2412,1344,2574,1234,SM_F_Gloves_TacticalHalfFinger_FingersThin,1,SK_F_Gloves_TacticalHalfFinger
SM_F_Gloves_TacticalHalfFinger_FingersThick,MESH,2412,1344,2574,1234,SM_F_Gloves_TacticalHalfFinger_FingersThick,1,SK_F_Gloves_TacticalHalfFinger
Fingerless-ChildishF,MESH,2412,1344,2574,1234,Fingerless-ChildishF,1,SK_F_Gloves_TacticalHalfFinger
Fingerless-Tall,MESH,2412,1344,2574,1234,Fingerless-Tall,1,SK_F_Gloves_TacticalHalfFinger
Fingerless-Skinny,MESH,2412,1344,2574,1234,Fingerless-Skinny,1,SK_F_Gloves_TacticalHalfFinger
Obese.001,MESH,2076,1056,2094,1042,Obese,1,SK_F_Gloves_TacticalResponse
SK_F_Gloves_TacticalResponse,MESH,2076,1056,2094,1042,SK_F_Gloves_TacticalResponse,1,SK_F_Gloves_TacticalResponse
LowerArmsLarge,MESH,2076,1056,2094,1042,LowerArmsLarge,1,SK_F_Gloves_TacticalResponse
FingersThin.001,MESH,2076,1056,2094,1042,FingersThin.001,1,SK_F_Gloves_TacticalResponse
FingersThick,MESH,2076,1056,2094,1042,FingersThick,1,SK_F_Gloves_TacticalResponse
WristsThin,MESH,2076,1056,2094,1042,WristsThin,1,SK_F_Gloves_TacticalResponse
WristsThick,MESH,2076,1056,2094,1042,WristsThick,1,SK_F_Gloves_TacticalResponse
Tactical-ChildishF,MESH,2560,1440,2728,1296,Tactical-ChildishF,1,SK_F_Gloves_TacticalResponse
Tactical-Tall,MESH,2076,1056,2094,1042,Tactical-Tall,1,SK_F_Gloves_TacticalResponse
Tactical-Skinny,MESH,2076,1056,2094,1042,Tactical-Skinny,1,SK_F_Gloves_TacticalResponse
SK_F_Gloves_CombatGloves,MESH,2560,1440,2728,1296,SK_F_Gloves_CombatGloves,1,CombatGloves
WristThin.001,MESH,2560,1440,2728,1296,WristThin.001,1,CombatGloves
WristThick.001,MESH,2560,1440,2728,1296,WristThick.001,1,CombatGloves
LowerArmsLarge.001,MESH,2560,1440,2728,1296,LowerArmsLarge.001,1,CombatGloves
FingersThin.002,MESH,2560,1440,2728,1296,FingersThin.002,1,CombatGloves
FingersThick.001,MESH,2560,1440,2728,1296,FingersThick.001,1,CombatGloves
Obese.002,MESH,2560,1440,2728,1296,Obese.001,1,CombatGloves
Combat-ChildishF,MESH,2560,1440,2728,1296,Combat-ChildishF,1,CombatGloves
Combat-Tall,MESH,2560,1440,2728,1296,Combat-Tall,1,CombatGloves
Combat-Skinny,MESH,2560,1440,2728,1296,Combat-Skinny,1,CombatGloves
Skinny.032,MESH,7132,7132,10730,3600,Skinny.032,1,Gloves01
Obese.030,MESH,7132,7132,10730,3600,Obese.029,1,Gloves01
Tall.017,MESH,7132,7132,10730,3600,Tall.017,1,Gloves01
SK_F_Gloves_Gloves01,MESH,7132,7132,10730,3600,SK_F_Gloves_Gloves01,1,Gloves01
ForearmsLarge.001,MESH,7132,7132,10730,3600,ForearmsLarge,1,Gloves01
WristThick.002,MESH,7132,7132,10730,3600,WristThick.002,1,Gloves01
FingersThick.002,MESH,7132,7132,10730,3600,FingersThick.002,1,Gloves01
FingersThin.003,MESH,7132,7132,10730,3600,FingersThin.003,1,Gloves01
Work-ChildishF,MESH,7132,7132,10730,3600,Work-ChildishF,1,Gloves01
Medium-ChildishF,MESH,9570,9570,14387,4819,Medium-ChildishF,1,MediumGloves
Skinny.033,MESH,9570,9570,14387,4819,Skinny.033,1,MediumGloves
Obese.031,MESH,9570,9570,14387,4819,Obese.030,1,MediumGloves
Tall.018,MESH,9570,9570,14387,4819,Tall.018,1,MediumGloves
WristThick.003,MESH,9570,9570,14387,4819,WristThick.003,1,MediumGloves
WristThin.003,MESH,9570,9570,14387,4819,WristThin.003,1,MediumGloves
FingersThick.003,MESH,9570,9570,14387,4819,FingersThick.003,1,MediumGloves
FingersThin.004,MESH,9570,9570,14387,4819,FingersThin.004,1,MediumGloves
ForearmLarge,MESH,9570,9570,14387,4819,ForearmLarge,1,MediumGloves
SK_F_Gloves_Medium,MESH,9570,9570,14387,4819,SK_F_Gloves_Medium,1,MediumGloves
Long-ChildishF.001,MESH,13110,13110,19697,6589,Long-ChildishF.001,1,Long Gloves
Skinny.034,MESH,13110,13110,19697,6589,Skinny.034,1,Long Gloves
Obese.032,MESH,13110,13110,19697,6589,Obese.031,1,Long Gloves
Tall.019,MESH,13110,13110,19697,6589,Tall.019,1,Long Gloves
WristThick.004,MESH,13110,13110,19697,6589,WristThick.004,1,Long Gloves
WristThin.004,MESH,13110,13110,19697,6589,WristThin.004,1,Long Gloves
FingersThick.004,MESH,13110,13110,19697,6589,FingersThick.004,1,Long Gloves
FingersThin.005,MESH,13110,13110,19697,6589,FingersThin.005,1,Long Gloves
ForearmsLarge.002,MESH,13110,13110,19697,6589,ForearmsLarge.001,1,Long Gloves
SK_F_Gloves_Long,MESH,13110,13110,19697,6589,SK_F_Gloves_Long,1,Long Gloves
ExtraLong-ChildishF,MESH,18254,18254,27413,9161,ExtraLong-ChildishF,1,Extra Long Gloves
Skinny.035,MESH,18254,18254,27413,9161,Skinny.035,1,Extra Long Gloves
Obese.033,MESH,18254,18254,27413,9161,Obese.032,1,Extra Long Gloves
Tall.020,MESH,18254,18254,27413,9161,Tall.020,1,Extra Long Gloves
WristThick.005,MESH,18254,18254,27413,9161,WristThick.005,1,Extra Long Gloves
WristThin.005,MESH,18254,18254,27413,9161,WristThin.005,1,Extra Long Gloves
FingersThick.005,MESH,18254,18254,27413,9161,FingersThick.005,1,Extra Long Gloves
FingersThin.006,MESH,18254,18254,27413,9161,FingersThin.006,1,Extra Long Gloves
ForearmsLarge.003,MESH,18254,18254,27413,9161,ForearmsLarge.002,1,Extra Long Gloves
SK_F_Gloves_ExtraLong,MESH,18254,18254,27413,9161,SK_F_Gloves_ExtraLong,1,Extra Long Gloves
Tall.037,MESH,20816,13848,24286,10473,Tall.034,1,TacticalBelt
Skinny.038,MESH,20816,13848,24286,10473,Skinny.038,1,TacticalBelt
ChildishF.025,MESH,20816,13848,24286,10473,ChildishF.023,1,TacticalBelt
Obese.070,MESH,20816,13848,24286,10473,Obese.065,1,TacticalBelt
Muscular.050,MESH,20816,13848,24286,10473,Muscular.048,1,TacticalBelt
TacticalBelt,MESH,20816,13848,24286,10473,TacticalBelt,1,TacticalBelt
ButtOut.035,MESH,20816,13848,24286,10473,ButtOut.035,1,TacticalBelt 1
ButtIn.035,MESH,20816,13848,24286,10473,ButtIn.035,1,TacticalBelt 1
ButtUp.034,MESH,20816,13848,24286,10473,ButtUp.034,1,TacticalBelt 1
ButtDown.034,MESH,20816,13848,24286,10473,ButtDown.034,1,TacticalBelt 1
ButtWide.035,MESH,20816,13848,24286,10473,ButtWide.035,1,TacticalBelt 1
ButtNarrow.034,MESH,20816,13848,24286,10473,ButtNarrow.034,1,TacticalBelt 1
MidsectionWide.036,MESH,20816,13848,24286,10473,MidsectionWide.036,1,TacticalBelt 1
MidsectionNarrow.034,MESH,20816,13848,24286,10473,MidsectionNarrow.034,1,TacticalBelt 1
WaistWide.035,MESH,20816,13848,24286,10473,WaistWide.035,1,TacticalBelt 1
WaistThin.036,MESH,20816,13848,24286,10473,WaistThin.036,1,TacticalBelt 1
ThighsThick.029,MESH,20816,13848,24286,10473,ThighsThick.029,1,TacticalBelt 1
SM_F_Bottom_BDU,MESH,1090,572,1117,557,SM_F_Bottom_BDU,1,BDU.001
SM_F_Bottom_BDU_Fat,MESH,1090,572,1117,557,SM_F_Bottom_BDU_Fat,1,BDU.001
SM_F_Bottom_BDU_Muscular,MESH,1090,572,1117,557,SM_F_Bottom_BDU_Muscular,1,BDU.001
SM_F_Bottom_BDU_Skinny,MESH,1090,572,1117,557,SM_F_Bottom_BDU_Skinny,1,BDU.001
Tall.070,MESH,1090,572,1117,557,Tall.067,1,BDU.001
ChildishF.076,MESH,1090,572,1117,557,ChildishF.075,1,BDU.001
SM_F_Bottom_BDU_ButtDown,MESH,1090,572,1117,557,SM_F_Bottom_BDU_ButtDown,1,BDU.001 1
SM_F_Bottom_BDU_ButtIn,MESH,1090,572,1117,557,SM_F_Bottom_BDU_ButtIn,1,BDU.001 1
SM_F_Bottom_BDU_ButtNarrow,MESH,1090,572,1117,557,SM_F_Bottom_BDU_ButtNarrow,1,BDU.001 1
SM_F_Bottom_BDU_ButtOut,MESH,1090,572,1117,557,SM_F_Bottom_BDU_ButtOut,1,BDU.001 1
SM_F_Bottom_BDU_ButtUp,MESH,1090,572,1117,557,SM_F_Bottom_BDU_ButtUp,1,BDU.001 1
SM_F_Bottom_BDU_ButtWide,MESH,1090,572,1117,557,SM_F_Bottom_BDU_ButtWide,1,BDU.001 1
SM_F_Bottom_BDU_LoveHandlesIn,MESH,1090,572,1117,557,SM_F_Bottom_BDU_LoveHandlesIn,1,BDU.001 1
SM_F_Bottom_BDU_MidsectionNarrow,MESH,1090,572,1117,557,SM_F_Bottom_BDU_MidsectionNarrow,1,BDU.001 1
SM_F_Bottom_BDU_MidsectionWide,MESH,1090,572,1117,557,SM_F_Bottom_BDU_MidsectionWide,1,BDU.001 1
SM_F_Bottom_BDU_ThighsThick,MESH,1090,572,1117,557,SM_F_Bottom_BDU_ThighsThick,1,BDU.001 1
SM_F_Bottom_BDU_WaistThin,MESH,1090,572,1117,557,SM_F_Bottom_BDU_WaistThin,1,BDU.001 1
SM_F_Bottom_BDU_WaistWide,MESH,1090,572,1117,557,SM_F_Bottom_BDU_WaistWide,1,BDU.001 1
SM_F_Bottom_CutOffShorts,MESH,780,423,813,404,SM_F_Bottom_CutOffShorts,1,SM_F_Bottom_CutOffShorts
ChildishF.058,MESH,780,423,813,404,ChildishF.056,1,SM_F_Bottom_CutOffShorts
Tall.069,MESH,780,423,813,404,Tall.066,1,SM_F_Bottom_CutOffShorts
Obese.063,MESH,780,423,813,404,Obese.060,1,SM_F_Bottom_CutOffShorts
Skinny.057,MESH,780,423,813,404,Skinny.057,1,SM_F_Bottom_CutOffShorts
Muscular.042,MESH,780,423,813,404,Muscular.042,1,SM_F_Bottom_CutOffShorts
SM_F_Bottom_CutOffShorts_ButtDown,MESH,780,423,813,404,SM_F_Bottom_CutOffShorts_ButtDown,1,SM_F_Bottom_CutOffShorts 1
SM_F_Bottom_CutOffShorts_ButtIn,MESH,780,423,813,404,SM_F_Bottom_CutOffShorts_ButtIn,1,SM_F_Bottom_CutOffShorts 1
SM_F_Bottom_CutOffShorts_ButtNarrow,MESH,780,423,813,404,SM_F_Bottom_CutOffShorts_ButtNarrow,1,SM_F_Bottom_CutOffShorts 1
SM_F_Bottom_CutOffShorts_ButtOut,MESH,780,423,813,404,SM_F_Bottom_CutOffShorts_ButtOut,1,SM_F_Bottom_CutOffShorts 1
SM_F_Bottom_CutOffShorts_ButtUp,MESH,780,423,813,404,SM_F_Bottom_CutOffShorts_ButtUp,1,SM_F_Bottom_CutOffShorts 1
SM_F_Bottom_CutOffShorts_ButtWide,MESH,780,423,813,404,SM_F_Bottom_CutOffShorts_ButtWide,1,SM_F_Bottom_CutOffShorts 1
SM_F_Bottom_CutOffShorts_LoveHandlesIn,MESH,780,423,813,404,SM_F_Bottom_CutOffShorts_LoveHandlesIn,1,SM_F_Bottom_CutOffShorts 1
SM_F_Bottom_CutOffShorts_MidsectionNarrow,MESH,780,423,813,404,SM_F_Bottom_CutOffShorts_MidsectionNarrow,1,SM_F_Bottom_CutOffShorts 1
SM_F_Bottom_CutOffShorts_ThighsThick,MESH,780,423,813,404,SM_F_Bottom_CutOffShorts_ThighsThick,1,SM_F_Bottom_CutOffShorts 1
SM_F_Bottom_CutOffShorts_WaistThin,MESH,780,423,813,404,SM_F_Bottom_CutOffShorts_WaistThin,1,SM_F_Bottom_CutOffShorts 1
SM_F_Bottom_CutOffShorts_WaistWide,MESH,780,423,813,404,SM_F_Bottom_CutOffShorts_WaistWide,1,SM_F_Bottom_CutOffShorts 1
SM_F_Bottom_EMS,MESH,1532,881,1647,768,SM_F_Bottom_EMS,1,SM_F_Bottom_EMS
Obese.065,MESH,1532,881,1647,768,SM_F_Bottom_EMS_Fat,1,SM_F_Bottom_EMS
Muscular.044,MESH,1532,881,1647,768,SM_F_Bottom_EMS_Muscular,1,SM_F_Bottom_EMS
Skinny.059,MESH,1532,881,1647,768,SM_F_Bottom_EMS_Skinny,1,SM_F_Bottom_EMS
ChildishF.059,MESH,1532,881,1647,768,ChildishF.057,1,SM_F_Bottom_EMS
Tall.071,MESH,1532,881,1647,768,Tall.068,1,SM_F_Bottom_EMS
SM_F_Bottom_EMS_ButtDown,MESH,1532,881,1647,768,SM_F_Bottom_EMS_ButtDown,1,SM_F_Bottom_EMS 1
SM_F_Bottom_EMS_ButtIn,MESH,1532,881,1647,768,SM_F_Bottom_EMS_ButtIn,1,SM_F_Bottom_EMS 1
SM_F_Bottom_EMS_ButtNarrow,MESH,1532,881,1647,768,SM_F_Bottom_EMS_ButtNarrow,1,SM_F_Bottom_EMS 1
SM_F_Bottom_EMS_ButtOut,MESH,1532,881,1647,768,SM_F_Bottom_EMS_ButtOut,1,SM_F_Bottom_EMS 1
SM_F_Bottom_EMS_ButtUp,MESH,1532,881,1647,768,SM_F_Bottom_EMS_ButtUp,1,SM_F_Bottom_EMS 1
SM_F_Bottom_EMS_ButtWide,MESH,1532,881,1647,768,SM_F_Bottom_EMS_ButtWide,1,SM_F_Bottom_EMS 1
SM_F_Bottom_EMS_LoveHandlesIn,MESH,1532,881,1647,768,SM_F_Bottom_EMS_LoveHandlesIn,1,SM_F_Bottom_EMS 1
SM_F_Bottom_EMS_MidsectionNarrow,MESH,1532,881,1647,768,SM_F_Bottom_EMS_MidsectionNarrow,1,SM_F_Bottom_EMS 1
SM_F_Bottom_EMS_MidsectionWide,MESH,1532,881,1647,768,SM_F_Bottom_EMS_MidsectionWide,1,SM_F_Bottom_EMS 1
SM_F_Bottom_EMS_ThighsThick,MESH,1532,881,1647,768,SM_F_Bottom_EMS_ThighsThick,1,SM_F_Bottom_EMS 1
SM_F_Bottom_EMS_WaistThin,MESH,1532,881,1647,768,SM_F_Bottom_EMS_WaistThin,1,SM_F_Bottom_EMS 1
SM_F_Bottom_EMS_WaistWide,MESH,1532,881,1647,768,SM_F_Bottom_EMS_WaistWide,1,SM_F_Bottom_EMS 1
SM_F_Bottom_Khakis,MESH,1432,743,1461,733,SM_F_Bottom_Khakis,1,SM_F_Bottom_Khakis
Obese.064,MESH,1432,743,1461,733,SM_F_Bottom_Khakis_Fat,1,SM_F_Bottom_Khakis
Muscular.043,MESH,1432,743,1461,733,SM_F_Bottom_Khakis_Muscular,1,SM_F_Bottom_Khakis
Skinny.058,MESH,1432,743,1461,733,SM_F_Bottom_Khakis_Skinny,1,SM_F_Bottom_Khakis
ChildishF.060,MESH,798,426,825,411,ChildishF.058,1,SM_F_Bottom_Khakis
Tall.072,MESH,798,426,825,411,Tall.069,1,SM_F_Bottom_Khakis
SM_F_Bottom_Khakis_ButtDown,MESH,1432,743,1461,733,SM_F_Bottom_Khakis_ButtDown,1,SM_F_Bottom_Khakis 1
SM_F_Bottom_Khakis_ButtIn,MESH,1432,743,1461,733,SM_F_Bottom_Khakis_ButtIn,1,SM_F_Bottom_Khakis 1
SM_F_Bottom_Khakis_ButtNarrow,MESH,1432,743,1461,733,SM_F_Bottom_Khakis_ButtNarrow,1,SM_F_Bottom_Khakis 1
SM_F_Bottom_Khakis_ButtOut,MESH,1432,743,1461,733,SM_F_Bottom_Khakis_ButtOut,1,SM_F_Bottom_Khakis 1
SM_F_Bottom_Khakis_ButtUp,MESH,1432,743,1461,733,SM_F_Bottom_Khakis_ButtUp,1,SM_F_Bottom_Khakis 1
SM_F_Bottom_Khakis_ButtWide,MESH,1432,743,1461,733,SM_F_Bottom_Khakis_ButtWide,1,SM_F_Bottom_Khakis 1
SM_F_Bottom_Khakis_LoveHandlesIn,MESH,1432,743,1461,733,SM_F_Bottom_Khakis_LoveHandlesIn,1,SM_F_Bottom_Khakis 1
SM_F_Bottom_Khakis_MidsectionNarrow,MESH,1432,743,1461,733,SM_F_Bottom_Khakis_MidsectionNarrow,1,SM_F_Bottom_Khakis 1
SM_F_Bottom_Khakis_MidsectionWide,MESH,1432,743,1461,733,SM_F_Bottom_Khakis_MidsectionWide,1,SM_F_Bottom_Khakis 1
SM_F_Bottom_Khakis_ThighsThick,MESH,1432,743,1461,733,SM_F_Bottom_Khakis_ThighsThick,1,SM_F_Bottom_Khakis 1
SM_F_Bottom_Khakis_WaistThin,MESH,1432,743,1461,733,SM_F_Bottom_Khakis_WaistThin,1,SM_F_Bottom_Khakis 1
SM_F_Bottom_Khakis_WaistWide,MESH,1432,743,1461,733,SM_F_Bottom_Khakis_WaistWide,1,SM_F_Bottom_Khakis 1
SM_F_Bottom_LacedPants,MESH,1438,740,1461,724,SM_F_Bottom_LacedPants,1,SM_F_Bottom_LacedPants
SM_F_Bottom_LacedPants_Fat,MESH,1438,740,1461,724,SM_F_Bottom_LacedPants_Fat,1,SM_F_Bottom_LacedPants
SM_F_Bottom_LacedPants_Muscular,MESH,1438,740,1461,724,SM_F_Bottom_LacedPants_Muscular,1,SM_F_Bottom_LacedPants
SM_F_Bottom_LacedPants_Skinny,MESH,1438,740,1461,724,SM_F_Bottom_LacedPants_Skinny,1,SM_F_Bottom_LacedPants
ChildishF.061,MESH,1438,740,1461,724,ChildishF.059,1,SM_F_Bottom_LacedPants
Tall.073,MESH,1438,740,1461,724,Tall.070,1,SM_F_Bottom_LacedPants
SM_F_Bottom_LacedPants_ButtDown,MESH,1438,740,1461,724,SM_F_Bottom_LacedPants_ButtDown,1,SM_F_Bottom_LacedPants 1
SM_F_Bottom_LacedPants_ButtIn,MESH,1438,740,1461,724,SM_F_Bottom_LacedPants_ButtIn,1,SM_F_Bottom_LacedPants 1
SM_F_Bottom_LacedPants_ButtNarrow,MESH,1438,740,1461,724,SM_F_Bottom_LacedPants_ButtNarrow,1,SM_F_Bottom_LacedPants 1
SM_F_Bottom_LacedPants_ButtOut,MESH,1438,740,1461,724,SM_F_Bottom_LacedPants_ButtOut,1,SM_F_Bottom_LacedPants 1
SM_F_Bottom_LacedPants_ButtUp,MESH,1438,740,1461,724,SM_F_Bottom_LacedPants_ButtUp,1,SM_F_Bottom_LacedPants 1
SM_F_Bottom_LacedPants_ButtWide,MESH,1438,740,1461,724,SM_F_Bottom_LacedPants_ButtWide,1,SM_F_Bottom_LacedPants 1
SM_F_Bottom_LacedPants_MidsectionNarrow,MESH,1438,740,1461,724,SM_F_Bottom_LacedPants_MidsectionNarrow,1,SM_F_Bottom_LacedPants 1
SM_F_Bottom_LacedPants_MidsectionWide,MESH,1438,740,1461,724,SM_F_Bottom_LacedPants_MidsectionWide,1,SM_F_Bottom_LacedPants 1
SM_F_Bottom_LacedPants_ThighsThick,MESH,1438,740,1461,724,SM_F_Bottom_LacedPants_ThighsThick,1,SM_F_Bottom_LacedPants 1
SM_F_Bottom_LacedPants_WaistThin,MESH,1438,740,1461,724,SM_F_Bottom_LacedPants_WaistThin,1,SM_F_Bottom_LacedPants 1
SM_F_Bottom_LacedPants_WaistWide,MESH,1438,740,1461,724,SM_F_Bottom_LacedPants_WaistWide,1,SM_F_Bottom_LacedPants 1
SM_F_Bottom_MiniSkirt,MESH,3578,1936,3725,1791,SM_F_Bottom_MiniSkirt,1,SM_F_Bottom_MiniSkirt
SM_F_Bottom_MiniSkirt_Fat,MESH,3578,1936,3725,1791,SM_F_Bottom_MiniSkirt_Fat,1,SM_F_Bottom_MiniSkirt
SM_F_Bottom_MiniSkirt_Muscular,MESH,3578,1936,3725,1791,SM_F_Bottom_MiniSkirt_Muscular,1,SM_F_Bottom_MiniSkirt
SM_F_Bottom_MiniSkirt_Skinny,MESH,3578,1936,3725,1791,SM_F_Bottom_MiniSkirt_Skinny,1,SM_F_Bottom_MiniSkirt
ChildishF.062,MESH,3578,1936,3725,1791,ChildishF.060,1,SM_F_Bottom_MiniSkirt
Tall.074,MESH,3578,1936,3725,1791,Tall.071,1,SM_F_Bottom_MiniSkirt
SM_F_Bottom_MiniSkirt_ButtDown,MESH,3578,1936,3725,1791,SM_F_Bottom_MiniSkirt_ButtDown,1,SM_F_Bottom_MiniSkirt 1
SM_F_Bottom_MiniSkirt_ButtIn,MESH,3578,1936,3725,1791,SM_F_Bottom_MiniSkirt_ButtIn,1,SM_F_Bottom_MiniSkirt 1
SM_F_Bottom_MiniSkirt_ButtNarrow,MESH,3578,1936,3725,1791,SM_F_Bottom_MiniSkirt_ButtNarrow,1,SM_F_Bottom_MiniSkirt 1
SM_F_Bottom_MiniSkirt_ButtOut,MESH,3578,1936,3725,1791,SM_F_Bottom_MiniSkirt_ButtOut,1,SM_F_Bottom_MiniSkirt 1
SM_F_Bottom_MiniSkirt_ButtUp,MESH,3578,1936,3725,1791,SM_F_Bottom_MiniSkirt_ButtUp,1,SM_F_Bottom_MiniSkirt 1
SM_F_Bottom_MiniSkirt_ButtWide,MESH,3578,1936,3725,1791,SM_F_Bottom_MiniSkirt_ButtWide,1,SM_F_Bottom_MiniSkirt 1
SM_F_Bottom_MiniSkirt_MidsectionNarrow,MESH,3578,1936,3725,1791,SM_F_Bottom_MiniSkirt_MidsectionNarrow,1,SM_F_Bottom_MiniSkirt 1
SM_F_Bottom_MiniSkirt_MidsectionWide,MESH,3578,1936,3725,1791,SM_F_Bottom_MiniSkirt_MidsectionWide,1,SM_F_Bottom_MiniSkirt 1
SM_F_Bottom_MiniSkirt_ThighsThick,MESH,3578,1936,3725,1791,SM_F_Bottom_MiniSkirt_ThighsThick,1,SM_F_Bottom_MiniSkirt 1
SM_F_Bottom_MiniSkirt_WaistThin,MESH,3578,1936,3725,1791,SM_F_Bottom_MiniSkirt_WaistThin,1,SM_F_Bottom_MiniSkirt 1
SM_F_Bottom_MiniSkirt_WaistWide,MESH,3578,1936,3725,1791,SM_F_Bottom_MiniSkirt_WaistWide,1,SM_F_Bottom_MiniSkirt 1
SM_F_Bottom_PencilSkirt,MESH,2118,1175,2234,1061,SM_F_Bottom_PencilSkirt,1,SM_F_Bottom_PencilSkirt
SM_F_Bottom_PencilSkirt_Fat,MESH,2118,1175,2234,1061,SM_F_Bottom_PencilSkirt_Fat,1,SM_F_Bottom_PencilSkirt
SM_F_Bottom_PencilSkirt_Muscular,MESH,2118,1175,2234,1061,SM_F_Bottom_PencilSkirt_Muscular,1,SM_F_Bottom_PencilSkirt
SM_F_Bottom_PencilSkirt_Skinny,MESH,2118,1175,2234,1061,SM_F_Bottom_PencilSkirt_Skinny,1,SM_F_Bottom_PencilSkirt
ChildishF.063,MESH,2118,1175,2234,1061,ChildishF.061,1,SM_F_Bottom_PencilSkirt
Tall.075,MESH,2118,1175,2234,1061,Tall.072,1,SM_F_Bottom_PencilSkirt
SM_F_Bottom_PencilSkirt_ButtDown,MESH,2118,1175,2234,1061,SM_F_Bottom_PencilSkirt_ButtDown,1,SM_F_Bottom_PencilSkirt 1
SM_F_Bottom_PencilSkirt_ButtIn,MESH,2118,1175,2234,1061,SM_F_Bottom_PencilSkirt_ButtIn,1,SM_F_Bottom_PencilSkirt 1
SM_F_Bottom_PencilSkirt_ButtNarrow,MESH,2118,1175,2234,1061,SM_F_Bottom_PencilSkirt_ButtNarrow,1,SM_F_Bottom_PencilSkirt 1
SM_F_Bottom_PencilSkirt_ButtOut,MESH,2118,1175,2234,1061,SM_F_Bottom_PencilSkirt_ButtOut,1,SM_F_Bottom_PencilSkirt 1
SM_F_Bottom_PencilSkirt_ButtUp,MESH,2118,1175,2234,1061,SM_F_Bottom_PencilSkirt_ButtUp,1,SM_F_Bottom_PencilSkirt 1
SM_F_Bottom_PencilSkirt_ButtWide,MESH,2118,1175,2234,1061,SM_F_Bottom_PencilSkirt_ButtWide,1,SM_F_Bottom_PencilSkirt 1
SM_F_Bottom_PencilSkirt_MidsectionNarrow,MESH,2118,1175,2234,1061,SM_F_Bottom_PencilSkirt_MidsectionNarrow,1,SM_F_Bottom_PencilSkirt 1
SM_F_Bottom_PencilSkirt_MidsectionWide,MESH,2118,1175,2234,1061,SM_F_Bottom_PencilSkirt_MidsectionWide,1,SM_F_Bottom_PencilSkirt 1
SM_F_Bottom_PencilSkirt_ThighsThick,MESH,2118,1175,2234,1061,SM_F_Bottom_PencilSkirt_ThighsThick,1,SM_F_Bottom_PencilSkirt 1
SM_F_Bottom_PencilSkirt_WaistThin,MESH,2118,1175,2234,1061,SM_F_Bottom_PencilSkirt_WaistThin,1,SM_F_Bottom_PencilSkirt 1
SM_F_Bottom_PencilSkirt_WaistWide,MESH,2118,1175,2234,1061,SM_F_Bottom_PencilSkirt_WaistWide,1,SM_F_Bottom_PencilSkirt 1
SM_F_Bottom_Police,MESH,2978,1597,3086,1525,SM_F_Bottom_Police,1,SM_F_Bottom_Police
SM_F_Bottom_Police_Fat,MESH,2978,1597,3086,1525,SM_F_Bottom_Police_Fat,1,SM_F_Bottom_Police
SM_F_Bottom_Police_Muscular,MESH,2978,1597,3086,1525,SM_F_Bottom_Police_Muscular,1,SM_F_Bottom_Police
SM_F_Bottom_Police_Skinny,MESH,2978,1597,3086,1525,SM_F_Bottom_Police_Skinny,1,SM_F_Bottom_Police
ChildishF.064,MESH,2978,1597,3086,1525,ChildishF.062,1,SM_F_Bottom_Police
Tall.076,MESH,2978,1597,3086,1525,Tall.073,1,SM_F_Bottom_Police
SM_F_Bottom_Police_ButtDown,MESH,2978,1597,3086,1525,SM_F_Bottom_Police_ButtDown,1,SM_F_Bottom_Police 1
SM_F_Bottom_Police_ButtIn,MESH,2978,1597,3086,1525,SM_F_Bottom_Police_ButtIn,1,SM_F_Bottom_Police 1
SM_F_Bottom_Police_ButtNarrow,MESH,2978,1597,3086,1525,SM_F_Bottom_Police_ButtNarrow,1,SM_F_Bottom_Police 1
SM_F_Bottom_Police_ButtOut,MESH,2978,1597,3086,1525,SM_F_Bottom_Police_ButtOut,1,SM_F_Bottom_Police 1
SM_F_Bottom_Police_ButtUp,MESH,2978,1597,3086,1525,SM_F_Bottom_Police_ButtUp,1,SM_F_Bottom_Police 1
SM_F_Bottom_Police_ButtWide,MESH,2978,1597,3086,1525,SM_F_Bottom_Police_ButtWide,1,SM_F_Bottom_Police 1
SM_F_Bottom_Police_LoveHandlesIn,MESH,2978,1597,3086,1525,SM_F_Bottom_Police_LoveHandlesIn,1,SM_F_Bottom_Police 1
SM_F_Bottom_Police_MidsectionNarrow,MESH,2978,1597,3086,1525,SM_F_Bottom_Police_MidsectionNarrow,1,SM_F_Bottom_Police 1
SM_F_Bottom_Police_MidsectionWide,MESH,2978,1597,3086,1525,SM_F_Bottom_Police_MidsectionWide,1,SM_F_Bottom_Police 1
SM_F_Bottom_Police_ThighsThick,MESH,2978,1597,3086,1525,SM_F_Bottom_Police_ThighsThick,1,SM_F_Bottom_Police 1
SM_F_Bottom_Police_WaistThin,MESH,2978,1597,3086,1525,SM_F_Bottom_Police_WaistThin,1,SM_F_Bottom_Police 1
SM_F_Bottom_Police_WaistWide,MESH,2978,1597,3086,1525,SM_F_Bottom_Police_WaistWide,1,SM_F_Bottom_Police 1
SM_F_Bottom_ProfessionalSkirt,MESH,480,255,495,242,SM_F_Bottom_ProfessionalSkirt,1,*SM_F_Bottom_ProfessionalSkirt
SM_F_ProfessionalSkirt_Muscular,MESH,480,255,495,242,SM_F_ProfessionalSkirt_Muscular,1,*SM_F_Bottom_ProfessionalSkirt
Obese.067,MESH,480,255,495,242,Obese.062,1,*SM_F_Bottom_ProfessionalSkirt
Skinny.061,MESH,480,255,495,242,Skinny.059,1,*SM_F_Bottom_ProfessionalSkirt
ChildishF.074,MESH,480,255,495,242,ChildishF.073,1,*SM_F_Bottom_ProfessionalSkirt
Tall.087,MESH,480,255,495,242,Tall.085,1,*SM_F_Bottom_ProfessionalSkirt
SM_F_Bottom_ProfessionalSkirt_ButtDown,MESH,480,255,495,242,SM_F_Bottom_ProfessionalSkirt_ButtDown,1,SM_F_Bottom_ProfessionalSkirt 1
SM_F_Bottom_ProfessionalSkirt_ButtIn,MESH,480,255,495,242,SM_F_Bottom_ProfessionalSkirt_ButtIn,1,SM_F_Bottom_ProfessionalSkirt 1
SM_F_Bottom_ProfessionalSkirt_ButtNarrow,MESH,480,255,495,242,SM_F_Bottom_ProfessionalSkirt_ButtNarrow,1,SM_F_Bottom_ProfessionalSkirt 1
SM_F_Bottom_ProfessionalSkirt_ButtOut,MESH,480,255,495,242,SM_F_Bottom_ProfessionalSkirt_ButtOut,1,SM_F_Bottom_ProfessionalSkirt 1
SM_F_Bottom_ProfessionalSkirt_ButtUp,MESH,480,255,495,242,SM_F_Bottom_ProfessionalSkirt_ButtUp,1,SM_F_Bottom_ProfessionalSkirt 1
SM_F_Bottom_ProfessionalSkirt_ButtWide,MESH,480,255,495,242,SM_F_Bottom_ProfessionalSkirt_ButtWide,1,SM_F_Bottom_ProfessionalSkirt 1
SM_F_Bottom_ProfessionalSkirt_LoveHandlesIn,MESH,480,255,495,242,SM_F_Bottom_ProfessionalSkirt_LoveHandlesIn,1,SM_F_Bottom_ProfessionalSkirt 1
SM_F_Bottom_ProfessionalSkirt_MidsectionNarrow,MESH,480,255,495,242,SM_F_Bottom_ProfessionalSkirt_MidsectionNarrow,1,SM_F_Bottom_ProfessionalSkirt 1
SM_F_Bottom_ProfessionalSkirt_ThighsThick,MESH,480,255,495,242,SM_F_Bottom_ProfessionalSkirt_ThighsThick,1,SM_F_Bottom_ProfessionalSkirt 1
SM_F_Bottom_ProfessionalSkirt_WaistThin,MESH,480,255,495,242,SM_F_Bottom_ProfessionalSkirt_WaistThin,1,SM_F_Bottom_ProfessionalSkirt 1
SM_F_Bottom_ProfessionalSkirt_WaistWide,MESH,480,255,495,242,SM_F_Bottom_ProfessionalSkirt_WaistWide,1,SM_F_Bottom_ProfessionalSkirt 1
SM_F_Bottom_SkinnyJeans,MESH,4014,2048,4055,2021,SM_F_Bottom_SkinnyJeans,1,SM_F_Bottom_SkinnyJeans
SM_F_Bottom_SkinnyJeans_Fat,MESH,4014,2048,4055,2021,SM_F_Bottom_SkinnyJeans_Fat,1,SM_F_Bottom_SkinnyJeans
SM_F_Bottom_SkinnyJeans_Muscular,MESH,4014,2048,4055,2021,SM_F_Bottom_SkinnyJeans_Muscular,1,SM_F_Bottom_SkinnyJeans
SM_F_Bottom_SkinnyJeans_Skinny,MESH,4014,2048,4055,2021,SM_F_Bottom_SkinnyJeans_Skinny,1,SM_F_Bottom_SkinnyJeans
ChildishF.065,MESH,4014,2048,4055,2021,ChildishF.063,1,SM_F_Bottom_SkinnyJeans
Tall.077,MESH,4014,2048,4055,2021,Tall.074,1,SM_F_Bottom_SkinnyJeans
SM_F_Bottom_SkinnyJeans_ButtDown,MESH,4014,2048,4055,2021,SM_F_Bottom_SkinnyJeans_ButtDown,1,SM_F_Bottom_SkinnyJeans 1
SM_F_Bottom_SkinnyJeans_ButtIn,MESH,4014,2048,4055,2021,SM_F_Bottom_SkinnyJeans_ButtIn,1,SM_F_Bottom_SkinnyJeans 1
SM_F_Bottom_SkinnyJeans_ButtNarrow,MESH,4014,2048,4055,2021,SM_F_Bottom_SkinnyJeans_ButtNarrow,1,SM_F_Bottom_SkinnyJeans 1
SM_F_Bottom_SkinnyJeans_ButtOut,MESH,4014,2048,4055,2021,SM_F_Bottom_SkinnyJeans_ButtOut,1,SM_F_Bottom_SkinnyJeans 1
SM_F_Bottom_SkinnyJeans_ButtUp,MESH,4014,2048,4055,2021,SM_F_Bottom_SkinnyJeans_ButtUp,1,SM_F_Bottom_SkinnyJeans 1
SM_F_Bottom_SkinnyJeans_ButtWide,MESH,4014,2048,4055,2021,SM_F_Bottom_SkinnyJeans_ButtWide,1,SM_F_Bottom_SkinnyJeans 1
SM_F_Bottom_SkinnyJeans_LoveHandlesIn,MESH,4014,2048,4055,2021,SM_F_Bottom_SkinnyJeans_LoveHandlesIn,1,SM_F_Bottom_SkinnyJeans 1
SM_F_Bottom_SkinnyJeans_MidsectionNarrow,MESH,4014,2048,4055,2021,SM_F_Bottom_SkinnyJeans_MidsectionNarrow,1,SM_F_Bottom_SkinnyJeans 1
SM_F_Bottom_SkinnyJeans_MidsectionWide,MESH,4014,2048,4055,2021,SM_F_Bottom_SkinnyJeans_MidsectionWide,1,SM_F_Bottom_SkinnyJeans 1
SM_F_Bottom_SkinnyJeans_ThighsThick,MESH,4014,2048,4055,2021,SM_F_Bottom_SkinnyJeans_ThighsThick,1,SM_F_Bottom_SkinnyJeans 1
SM_F_Bottom_SkinnyJeans_WaistThin,MESH,4014,2048,4055,2021,SM_F_Bottom_SkinnyJeans_WaistThin,1,SM_F_Bottom_SkinnyJeans 1
SM_F_Bottom_SkinnyJeans_WaistWide,MESH,4014,2048,4055,2021,SM_F_Bottom_SkinnyJeans_WaistWide,1,SM_F_Bottom_SkinnyJeans 1
SM_F_Bottom_TacticalPants,MESH,1200,854,1454,602,SM_F_Bottom_TacticalPants,1,*SM_F_Bottom_TacticalPants
ChildishF.066,MESH,1200,854,1454,602,ChildishF.064,1,*SM_F_Bottom_TacticalPants
Tall.078,MESH,1200,854,1454,602,Tall.075,1,*SM_F_Bottom_TacticalPants
Obese.066,MESH,1200,854,1454,602,Obese.061,1,*SM_F_Bottom_TacticalPants
Skinny.060,MESH,1200,854,1454,602,Skinny.058,1,*SM_F_Bottom_TacticalPants
Muscular.045,MESH,1200,854,1454,602,Muscular.043,1,*SM_F_Bottom_TacticalPants
SM_F_Bottom_TacticalPants_ButtIn,MESH,1200,854,1454,602,SM_F_Bottom_TacticalPants_ButtIn,1,SM_F_Bottom_TacticalPants 1
SM_F_Bottom_TacticalPants_ButtNarrow,MESH,1200,854,1454,602,SM_F_Bottom_TacticalPants_ButtNarrow,1,SM_F_Bottom_TacticalPants 1
SM_F_Bottom_TacticalPants_ButtOut,MESH,1200,854,1454,602,SM_F_Bottom_TacticalPants_ButtOut,1,SM_F_Bottom_TacticalPants 1
SM_F_Bottom_TacticalPants_ButtUp,MESH,1200,854,1454,602,SM_F_Bottom_TacticalPants_ButtUp,1,SM_F_Bottom_TacticalPants 1
SM_F_Bottom_TacticalPants_ButtWide,MESH,1200,854,1454,602,SM_F_Bottom_TacticalPants_ButtWide,1,SM_F_Bottom_TacticalPants 1
SM_F_Bottom_TacticalPants_LovehandlesIn,MESH,1200,854,1454,602,SM_F_Bottom_TacticalPants_LovehandlesIn,1,SM_F_Bottom_TacticalPants 1
SM_F_Bottom_TacticalPants_MidscectionNarrow,MESH,1200,854,1454,602,SM_F_Bottom_TacticalPants_MidscectionNarrow,1,SM_F_Bottom_TacticalPants 1
SM_F_Bottom_TacticalPants_MidscectionWide,MESH,1200,854,1454,602,SM_F_Bottom_TacticalPants_MidscectionWide,1,SM_F_Bottom_TacticalPants 1
SM_F_Bottom_TacticalPants_ThighsThick,MESH,1200,854,1454,602,SM_F_Bottom_TacticalPants_ThighsThick,1,SM_F_Bottom_TacticalPants 1
SM_F_Bottom_TacticalPants_WaistThin,MESH,1200,854,1454,602,SM_F_Bottom_TacticalPants_WaistThin,1,SM_F_Bottom_TacticalPants 1
SM_F_Bottom_TacticalPants_WaistWide,MESH,1200,854,1454,602,SM_F_Bottom_TacticalPants_WaistWide,1,SM_F_Bottom_TacticalPants 1
SM_F_Bottom_Tattered,MESH,2852,1524,2950,1434,SM_F_Bottom_Tattered,1,SM_F_Bottom_Tattered
SM_F_Bottom_Tattered_Fat,MESH,2852,1524,2950,1434,SM_F_Bottom_Tattered_Fat,1,SM_F_Bottom_Tattered
SM_F_Bottom_Tattered_Muscular,MESH,2852,1524,2950,1434,SM_F_Bottom_Tattered_Muscular,1,SM_F_Bottom_Tattered
SM_F_Bottom_Tattered_Skinny,MESH,2852,1524,2950,1434,SM_F_Bottom_Tattered_Skinny,1,SM_F_Bottom_Tattered
ChildishF.067,MESH,2852,1524,2950,1434,ChildishF.065,1,SM_F_Bottom_Tattered
Tall.079,MESH,2852,1524,2950,1434,Tall.076,1,SM_F_Bottom_Tattered
SM_F_Bottom_Tattered_ButtDown,MESH,2852,1524,2950,1434,SM_F_Bottom_Tattered_ButtDown,1,SM_F_Bottom_Tattered 1
SM_F_Bottom_Tattered_ButtIn,MESH,2852,1524,2950,1434,SM_F_Bottom_Tattered_ButtIn,1,SM_F_Bottom_Tattered 1
SM_F_Bottom_Tattered_ButtNarrow,MESH,2852,1524,2950,1434,SM_F_Bottom_Tattered_ButtNarrow,1,SM_F_Bottom_Tattered 1
SM_F_Bottom_Tattered_ButtOut,MESH,2852,1524,2950,1434,SM_F_Bottom_Tattered_ButtOut,1,SM_F_Bottom_Tattered 1
SM_F_Bottom_Tattered_ButtUp,MESH,2852,1524,2950,1434,SM_F_Bottom_Tattered_ButtUp,1,SM_F_Bottom_Tattered 1
SM_F_Bottom_Tattered_ButtWide,MESH,2852,1524,2950,1434,SM_F_Bottom_Tattered_ButtWide,1,SM_F_Bottom_Tattered 1
SM_F_Bottom_Tattered_LoveHandlesIn,MESH,2852,1524,2950,1434,SM_F_Bottom_Tattered_LoveHandlesIn,1,SM_F_Bottom_Tattered 1
SM_F_Bottom_Tattered_MidsectionNarrow,MESH,2852,1524,2950,1434,SM_F_Bottom_Tattered_MidsectionNarrow,1,SM_F_Bottom_Tattered 1
SM_F_Bottom_Tattered_MidsectionWide,MESH,2852,1524,2950,1434,SM_F_Bottom_Tattered_MidsectionWide,1,SM_F_Bottom_Tattered 1
SM_F_Bottom_Tattered_WaistThin,MESH,2852,1524,2950,1434,SM_F_Bottom_Tattered_WaistThin,1,SM_F_Bottom_Tattered 1
SM_F_Bottom_Tattered_WaistWide,MESH,2852,1524,2950,1434,SM_F_Bottom_Tattered_WaistWide,1,SM_F_Bottom_Tattered 1
Obese.020,MESH,1142,598,1169,583,Obese.020,1,SK_F_Bottom_ACU
Skinny.022,MESH,1142,598,1169,583,Skinny.023,1,SK_F_Bottom_ACU
Muscular.014,MESH,1142,598,1169,583,Muscular.014,1,SK_F_Bottom_ACU
SK_F_Bottom_ACU,MESH,1142,598,1169,583,SK_F_Bottom_ACU,1,SK_F_Bottom_ACU
ChildishF.068,MESH,1142,598,1169,583,ChildishF.066,1,SK_F_Bottom_ACU
Tall.080,MESH,1142,598,1169,583,Tall.077,1,SK_F_Bottom_ACU
ButtDown.008,MESH,1142,598,1169,583,ButtDown.008,1,SK_F_Bottom_ACU 1
ButtIn.009,MESH,1142,598,1169,583,ButtIn.009,1,SK_F_Bottom_ACU 1
ButtNarrow.009,MESH,1142,598,1169,583,ButtNarrow.009,1,SK_F_Bottom_ACU 1
ButtOut.009,MESH,1142,598,1169,583,ButtOut.009,1,SK_F_Bottom_ACU 1
ButtUp.009,MESH,1142,598,1169,583,ButtUp.009,1,SK_F_Bottom_ACU 1
ButtWide.009,MESH,1142,598,1169,583,ButtWide.009,1,SK_F_Bottom_ACU 1
LoveHandlesIn.008,MESH,1142,598,1169,583,LoveHandlesIn.008,1,SK_F_Bottom_ACU 1
LoveHandlesOut.007,MESH,1142,598,1169,583,LoveHandlesOut.007,1,SK_F_Bottom_ACU 1
MidsectionNarrrow,MESH,1142,598,1169,583,MidsectionNarrrow,1,SK_F_Bottom_ACU 1
MidsectionWide.008,MESH,1142,598,1169,583,MidsectionWide.008,1,SK_F_Bottom_ACU 1
ThighsThick.008,MESH,1142,598,1169,583,ThighsThick.008,1,SK_F_Bottom_ACU 1
WaistThin.009,MESH,1142,598,1169,583,WaistThin.009,1,SK_F_Bottom_ACU 1
WaistWide.009,MESH,1142,598,1169,583,WaistWide.009,1,SK_F_Bottom_ACU 1
Muscular.015,MESH,4136,2163,4255,2113,Muscular.015,1,SK_F_Bottom_Jeans
Obese.021,MESH,4136,2163,4255,2113,Obese.021,1,SK_F_Bottom_Jeans
SK_F_Bottom_Jeans,MESH,4136,2163,4255,2113,SK_F_Bottom_Jeans,1,SK_F_Bottom_Jeans
Skinny.023,MESH,4136,2163,4255,2113,Skinny.024,1,SK_F_Bottom_Jeans
ChildishF.069,MESH,4136,2163,4255,2113,ChildishF.067,1,SK_F_Bottom_Jeans
Tall.081,MESH,4136,2163,4255,2113,Tall.078,1,SK_F_Bottom_Jeans
ButtDown.009,MESH,4136,2163,4255,2113,ButtDown.009,1,SK_F_Bottom_Jeans 1
ButtIn.010,MESH,4136,2163,4255,2113,ButtIn.010,1,SK_F_Bottom_Jeans 1
ButtNarrow.010,MESH,4136,2163,4255,2113,ButtNarrow.010,1,SK_F_Bottom_Jeans 1
ButtOut.010,MESH,4136,2163,4255,2113,ButtOut.010,1,SK_F_Bottom_Jeans 1
ButtUp.010,MESH,4136,2163,4255,2113,ButtUp.010,1,SK_F_Bottom_Jeans 1
ButtWide.010,MESH,4136,2163,4255,2113,ButtWide.010,1,SK_F_Bottom_Jeans 1
LoveHandlesIn.009,MESH,4136,2163,4255,2113,LoveHandlesIn.009,1,SK_F_Bottom_Jeans 1
LoveHandlesOut.008,MESH,4136,2163,4255,2113,LoveHandlesOut.008,1,SK_F_Bottom_Jeans 1
MidsectionNarrow.008,MESH,4136,2163,4255,2113,MidsectionNarrow.008,1,SK_F_Bottom_Jeans 1
MidsectionWide.009,MESH,4136,2163,4255,2113,MidsectionWide.009,1,SK_F_Bottom_Jeans 1
ThighsThick.009,MESH,4136,2163,4255,2113,ThighsThick.009,1,SK_F_Bottom_Jeans 1
WaistThin.010,MESH,4136,2163,4255,2113,WaistThin.010,1,SK_F_Bottom_Jeans 1
Muscular.016,MESH,4510,2558,4876,2340,Muscular.016,1,SK_F_Botttom_CargoShorts
Skinny.024,MESH,4510,2558,4876,2340,Skinny.025,1,SK_F_Botttom_CargoShorts
Obese.022,MESH,4510,2558,4876,2340,Obese.022,1,SK_F_Botttom_CargoShorts
SK_F_Botttom_CargoShorts,MESH,4510,2558,4876,2340,SK_F_Botttom_CargoShorts,1,SK_F_Botttom_CargoShorts
ChildishF.070,MESH,4510,2558,4876,2340,ChildishF.068,1,SK_F_Botttom_CargoShorts
Tall.082,MESH,4510,2558,4876,2340,Tall.079,1,SK_F_Botttom_CargoShorts
ButtDown.010,MESH,4510,2558,4876,2340,ButtDown.010,1,SK_F_Botttom_CargoShorts 1
ButtIn.011,MESH,4510,2558,4876,2340,ButtIn.011,1,SK_F_Botttom_CargoShorts 1
ButtNarrow.011,MESH,4510,2558,4876,2340,ButtNarrow.011,1,SK_F_Botttom_CargoShorts 1
ButtOut.011,MESH,4510,2558,4876,2340,ButtOut.011,1,SK_F_Botttom_CargoShorts 1
ButtUp.011,MESH,4510,2558,4876,2340,ButtUp.011,1,SK_F_Botttom_CargoShorts 1
ButtWide.011,MESH,4510,2558,4876,2340,ButtWide.011,1,SK_F_Botttom_CargoShorts 1
LoveHandlesIn.010,MESH,4510,2558,4876,2340,LoveHandlesIn.010,1,SK_F_Botttom_CargoShorts 1
LoveHandlesOut.009,MESH,4510,2558,4876,2340,LoveHandlesOut.009,1,SK_F_Botttom_CargoShorts 1
MidsectionNarrow.009,MESH,4510,2558,4876,2340,MidsectionNarrow.009,1,SK_F_Botttom_CargoShorts 1
MidsectionWide.010,MESH,4510,2558,4876,2340,MidsectionWide.010,1,SK_F_Botttom_CargoShorts 1
ThighsThick.010,MESH,4510,2558,4876,2340,ThighsThick.010,1,SK_F_Botttom_CargoShorts 1
WaistThin.011,MESH,4510,2558,4876,2340,WaistThin.011,1,SK_F_Botttom_CargoShorts 1
WaistWide.010,MESH,4510,2558,4876,2340,WaistWide.010,1,SK_F_Botttom_CargoShorts 1
Muscular.017,MESH,3568,1899,3683,1786,Muscular.017,1,SK_F_Bottom_Leggings
Obese.023,MESH,3568,1899,3683,1786,Obese.023,1,SK_F_Bottom_Leggings
SK_F_Bottom_Leggings,MESH,3568,1899,3683,1786,SK_F_Bottom_Leggings,1,SK_F_Bottom_Leggings
Skinny.025,MESH,3568,1899,3683,1786,Skinny.026,1,SK_F_Bottom_Leggings
ChildishF.071,MESH,3568,1899,3683,1786,ChildishF.069,1,SK_F_Bottom_Leggings
Tall.083,MESH,3568,1899,3683,1786,Tall.080,1,SK_F_Bottom_Leggings
ButtDown.011,MESH,3568,1899,3683,1786,ButtDown.011,1,SK_F_Bottom_Leggings 1
ButtIn.012,MESH,3568,1899,3683,1786,ButtIn.012,1,SK_F_Bottom_Leggings 1
ButtNarrow.012,MESH,3568,1899,3683,1786,ButtNarrow.012,1,SK_F_Bottom_Leggings 1
ButtOut.012,MESH,3568,1899,3683,1786,ButtOut.012,1,SK_F_Bottom_Leggings 1
ButtUp.012,MESH,3568,1899,3683,1786,ButtUp.012,1,SK_F_Bottom_Leggings 1
ButtWide.012,MESH,3568,1899,3683,1786,ButtWide.012,1,SK_F_Bottom_Leggings 1
LoveHandlesIn.011,MESH,3568,1899,3683,1786,LoveHandlesIn.011,1,SK_F_Bottom_Leggings 1
LoveHandlesOut.010,MESH,3568,1899,3683,1786,LoveHandlesOut.010,1,SK_F_Bottom_Leggings 1
MidsectionNarrow.010,MESH,3568,1899,3683,1786,MidsectionNarrow.010,1,SK_F_Bottom_Leggings 1
MidsectionWide.011,MESH,3568,1899,3683,1786,MidsectionWide.011,1,SK_F_Bottom_Leggings 1
ThighsThick.011,MESH,3568,1899,3683,1786,ThighsThick.011,1,SK_F_Bottom_Leggings 1
WaistThin.012,MESH,3568,1899,3683,1786,WaistThin.012,1,SK_F_Bottom_Leggings 1
WaistWide.011,MESH,3568,1899,3683,1786,WaistWide.011,1,SK_F_Bottom_Leggings 1
Obese.024,MESH,1984,1190,2214,1028,Obese.024,1,SK_F_Bottom_Scrubs
Skinny.026,MESH,1984,1190,2214,1028,Skinny.027,1,SK_F_Bottom_Scrubs
Muscular.018,MESH,1984,1190,2214,1028,Muscular.018,1,SK_F_Bottom_Scrubs
SK_F_Bottom_Scrubs,MESH,1984,1190,2214,1028,SK_F_Bottom_Scrubs,1,SK_F_Bottom_Scrubs
ChildishF.072,MESH,1984,1190,2214,1028,ChildishF.070,1,SK_F_Bottom_Scrubs
Tall.084,MESH,1984,1190,2214,1028,Tall.081,1,SK_F_Bottom_Scrubs
ButtDown.012,MESH,1984,1190,2214,1028,ButtDown.012,1,SK_F_Bottom_Scrubs 1
ButtIn.013,MESH,1984,1190,2214,1028,ButtIn.013,1,SK_F_Bottom_Scrubs 1
ButtNarrow.013,MESH,1984,1190,2214,1028,ButtNarrow.013,1,SK_F_Bottom_Scrubs 1
ButtOut.013,MESH,1984,1190,2214,1028,ButtOut.013,1,SK_F_Bottom_Scrubs 1
ButtUp.013,MESH,1984,1190,2214,1028,ButtUp.013,1,SK_F_Bottom_Scrubs 1
ButtWide.013,MESH,1984,1190,2214,1028,ButtWide.013,1,SK_F_Bottom_Scrubs 1
LoveHandlesIn.012,MESH,1984,1190,2214,1028,LoveHandlesIn.012,1,SK_F_Bottom_Scrubs 1
LoveHandlesOut.011,MESH,1984,1190,2214,1028,LoveHandlesOut.011,1,SK_F_Bottom_Scrubs 1
MidsectionNarrow.011,MESH,1984,1190,2214,1028,MidsectionNarrow.011,1,SK_F_Bottom_Scrubs 1
MidsectionWide.012,MESH,1984,1190,2214,1028,MidsectionWide.012,1,SK_F_Bottom_Scrubs 1
ThighsThick.012,MESH,1984,1190,2214,1028,ThighsThick.012,1,SK_F_Bottom_Scrubs 1
WaistThin.013,MESH,1984,1190,2214,1028,WaistThin.013,1,SK_F_Bottom_Scrubs 1
WaistWide.012,MESH,1984,1190,2214,1028,WaistWide.012,1,SK_F_Bottom_Scrubs 1
Obese.025,MESH,32230,16606,32859,16291,Obese.025,1,SK_F_Bottom_TailoredShorts
Skinny.027,MESH,32230,16606,32859,16291,Skinny.028,1,SK_F_Bottom_TailoredShorts
Muscular.019,MESH,32230,16606,32859,16291,Muscular.019,1,SK_F_Bottom_TailoredShorts
SK_F_Bottom_TailoredShorts,MESH,32230,16606,32859,16291,SK_F_Bottom_TailoredShorts,1,SK_F_Bottom_TailoredShorts
Childish.001,MESH,1668,928,1762,848,Childish.001,1,SK_F_Bottom_TailoredShorts
Tall.085,MESH,1668,928,1762,848,Tall.082,1,SK_F_Bottom_TailoredShorts
ButtDown.013,MESH,32230,16606,32859,16291,ButtDown.013,1,SK_F_Bottom_TailoredShorts 1
ButtIn.014,MESH,32230,16606,32859,16291,ButtIn.014,1,SK_F_Bottom_TailoredShorts 1
ButtNarrow.014,MESH,32230,16606,32859,16291,ButtNarrow.014,1,SK_F_Bottom_TailoredShorts 1
ButtOut.014,MESH,32230,16606,32859,16291,ButtOut.014,1,SK_F_Bottom_TailoredShorts 1
ButtUp.014,MESH,32230,16606,32859,16291,ButtUp.014,1,SK_F_Bottom_TailoredShorts 1
ButtWide.014,MESH,32230,16606,32859,16291,ButtWide.014,1,SK_F_Bottom_TailoredShorts 1
LoveHandlesIn.013,MESH,32230,16606,32859,16291,LoveHandlesIn.013,1,SK_F_Bottom_TailoredShorts 1
LoveHandlesOut.012,MESH,32230,16606,32859,16291,LoveHandlesOut.012,1,SK_F_Bottom_TailoredShorts 1
MidsectionNarrow.012,MESH,32230,16606,32859,16291,MidsectionNarrow.012,1,SK_F_Bottom_TailoredShorts 1
MidsectionWide.013,MESH,32230,16606,32859,16291,MidsectionWide.013,1,SK_F_Bottom_TailoredShorts 1
ThighsThick.013,MESH,32230,16606,32859,16291,ThighsThick.013,1,SK_F_Bottom_TailoredShorts 1
WaistThin.014,MESH,32230,16606,32859,16291,WaistThin.014,1,SK_F_Bottom_TailoredShorts 1
WaistWide.013,MESH,32230,16606,32859,16291,WaistWide.013,1,SK_F_Bottom_TailoredShorts 1
Skinny.028,MESH,770,412,797,387,Skinny.029,1,SK_F_Bottom_WorkoutShorts
Obese.026,MESH,770,412,797,387,Obese.026,1,SK_F_Bottom_WorkoutShorts
Muscular.020,MESH,770,412,797,387,Muscular.020,1,SK_F_Bottom_WorkoutShorts
SK_F_Bottom_WorkoutShorts,MESH,770,412,797,387,SK_F_Bottom_WorkoutShorts,1,SK_F_Bottom_WorkoutShorts
ChildishF.056,MESH,770,412,797,387,ChildishF.054,1,SK_F_Bottom_WorkoutShorts
Tall.067,MESH,770,412,797,387,Tall.064,1,SK_F_Bottom_WorkoutShorts
ButtDown.014,MESH,770,412,797,387,ButtDown.014,1,SK_F_Bottom_WorkoutShorts 1
ButtIn.015,MESH,770,412,797,387,ButtIn.015,1,SK_F_Bottom_WorkoutShorts 1
ButtNarrow.015,MESH,770,412,797,387,ButtNarrow.015,1,SK_F_Bottom_WorkoutShorts 1
ButtOut.015,MESH,770,412,797,387,ButtOut.015,1,SK_F_Bottom_WorkoutShorts 1
ButtUp.015,MESH,770,412,797,387,ButtUp.015,1,SK_F_Bottom_WorkoutShorts 1
ButtWide.015,MESH,770,412,797,387,ButtWide.015,1,SK_F_Bottom_WorkoutShorts 1
LoveHandlesIn.014,MESH,770,412,797,387,LoveHandlesIn.014,1,SK_F_Bottom_WorkoutShorts 1
LoveHandlesOut.013,MESH,770,412,797,387,LoveHandlesOut.013,1,SK_F_Bottom_WorkoutShorts 1
MidsectionNarrow.013,MESH,770,412,797,387,MidsectionNarrow.013,1,SK_F_Bottom_WorkoutShorts 1
MidsectionWide.014,MESH,770,412,797,387,MidsectionWide.014,1,SK_F_Bottom_WorkoutShorts 1
ThighsThick.014,MESH,770,412,797,387,ThighsThick.014,1,SK_F_Bottom_WorkoutShorts 1
WaistThin.015,MESH,770,412,797,387,WaistThin.015,1,SK_F_Bottom_WorkoutShorts 1
WaistWide.014,MESH,770,412,797,387,WaistWide.014,1,SK_F_Bottom_WorkoutShorts 1
Obese.027,MESH,2176,1204,2292,1090,Obese.027,1,SK_F_Bottom_ACUKneePads
Skinny.029,MESH,2176,1204,2292,1090,Skinny.030,1,SK_F_Bottom_ACUKneePads
Muscular.021,MESH,2176,1204,2292,1090,Muscular.021,1,SK_F_Bottom_ACUKneePads
SK_F_Bottom_ACUKneePads,MESH,2176,1204,2292,1090,SK_F_Bottom_ACUKneePads,1,SK_F_Bottom_ACUKneePads
ChildishF.057,MESH,2176,1204,2292,1090,ChildishF.055,1,SK_F_Bottom_ACUKneePads
Tall.068,MESH,2176,1204,2292,1090,Tall.065,1,SK_F_Bottom_ACUKneePads
ButtDown.015,MESH,2176,1204,2292,1090,ButtDown.015,1,SK_F_Bottom_ACUKneePads 1
ButtIn.016,MESH,2176,1204,2292,1090,ButtIn.016,1,SK_F_Bottom_ACUKneePads 1
ButtNarrow.016,MESH,2176,1204,2292,1090,ButtNarrow.016,1,SK_F_Bottom_ACUKneePads 1
ButtOut.016,MESH,2176,1204,2292,1090,ButtOut.016,1,SK_F_Bottom_ACUKneePads 1
ButtUp.016,MESH,2176,1204,2292,1090,ButtUp.016,1,SK_F_Bottom_ACUKneePads 1
ButtWide.016,MESH,2176,1204,2292,1090,ButtWide.016,1,SK_F_Bottom_ACUKneePads 1
LoveHandlesIn.015,MESH,2176,1204,2292,1090,LoveHandlesIn.015,1,SK_F_Bottom_ACUKneePads 1
LoveHandlesOut.014,MESH,2176,1204,2292,1090,LoveHandlesOut.014,1,SK_F_Bottom_ACUKneePads 1
MidsectionNarrow.014,MESH,2176,1204,2292,1090,MidsectionNarrow.014,1,SK_F_Bottom_ACUKneePads 1
MidsectionWide.015,MESH,2176,1204,2292,1090,MidsectionWide.015,1,SK_F_Bottom_ACUKneePads 1
ThighsThick.015,MESH,2176,1204,2292,1090,ThighsThick.015,1,SK_F_Bottom_ACUKneePads 1
WaistThin.016,MESH,2176,1204,2292,1090,WaistThin.016,1,SK_F_Bottom_ACUKneePads 1
WaistWide.015,MESH,2176,1204,2292,1090,WaistWide.015,1,SK_F_Bottom_ACUKneePads 1
Obese.028,MESH,3044,1616,3167,1570,Obese.028,1,RolledUpShorts
Muscular.022,MESH,3044,1616,3167,1570,Muscular.022,1,RolledUpShorts
Skinny.030,MESH,3044,1616,3167,1570,Skinny.031,1,RolledUpShorts
SK_F_Bottom_RolledUpShorts,MESH,3044,1616,3167,1570,SK_F_Bottom_CutoffShorts,1,RolledUpShorts
ChildishF.073,MESH,3044,1616,3167,1570,ChildishF.071,1,RolledUpShorts
Tall.086,MESH,3044,1616,3167,1570,Tall.083,1,RolledUpShorts
ButtDown.016,MESH,3044,1616,3167,1570,ButtDown.016,1,Bottom 22 1
ButtIn.017,MESH,3044,1616,3167,1570,ButtIn.017,1,Bottom 22 1
ButtNarrow.017,MESH,3044,1616,3167,1570,ButtNarrow.017,1,Bottom 22 1
ButtOut.017,MESH,3044,1616,3167,1570,ButtOut.017,1,Bottom 22 1
ButtUp.017,MESH,3044,1616,3167,1570,ButtUp.017,1,Bottom 22 1
ButtWide.017,MESH,3044,1616,3167,1570,ButtWide.017,1,Bottom 22 1
LoveHandlesIn.016,MESH,3044,1616,3167,1570,LoveHandlesIn.016,1,Bottom 22 1
LoveHandlesOut.015,MESH,3044,1616,3167,1570,LoveHandlesOut.015,1,Bottom 22 1
MidsectionNarrow.015,MESH,3044,1616,3167,1570,MidsectionNarrow.015,1,Bottom 22 1
MidsectionWide.016,MESH,3044,1616,3167,1570,MidsectionWide.016,1,Bottom 22 1
ThighsThick.016,MESH,3044,1616,3167,1570,ThighsThick.016,1,Bottom 22 1
WaistThin.017,MESH,3044,1616,3167,1570,WaistThin.017,1,Bottom 22 1
WaistWide.016,MESH,3044,1616,3167,1570,WaistWide.016,1,Bottom 22 1
ChildishF.077,MESH,1484,769,1513,759,ChildishF.076,1,Capri
Skinny.062,MESH,1484,769,1513,759,Skinny.060,1,Capri
Tall.089,MESH,1484,769,1513,759,Tall.087,1,Capri
Obese.068,MESH,1484,769,1513,759,Obese.063,1,Capri
Muscular.048,MESH,1484,769,1513,759,Muscular.046,1,Capri
Capri,MESH,1484,769,1513,759,Capri,1,Capri
ButtIn.033,MESH,1484,769,1513,759,ButtIn.033,1,Capri 1
ButtOut.033,MESH,1484,769,1513,759,ButtOut.033,1,Capri 1
ButtUp.032,MESH,1484,769,1513,759,ButtUp.032,1,Capri 1
ButtDown.032,MESH,1484,769,1513,759,ButtDown.032,1,Capri 1
ButtWide.033,MESH,1484,769,1513,759,ButtWide.033,1,Capri 1
ButtNarrow.032,MESH,1484,769,1513,759,ButtNarrow.032,1,Capri 1
LoveHandlesOut.028,MESH,1484,769,1513,759,LoveHandlesOut.028,1,Capri 1
LoveHandlesIn.028,MESH,1484,769,1513,759,LoveHandlesIn.028,1,Capri 1
MidsectionWide.034,MESH,1484,769,1513,759,MidsectionWide.034,1,Capri 1
MidsectionNarrow.032,MESH,1484,769,1513,759,MidsectionNarrow.032,1,Capri 1
WaistWide.033,MESH,1484,769,1513,759,WaistWide.033,1,Capri 1
WaistThin.034,MESH,1484,769,1513,759,WaistThin.034,1,Capri 1
ThighsThick.027,MESH,1484,769,1513,759,ThighsThick.027,1,Capri 1
ChildishF.075,MESH,798,426,825,411,ChildishF.074,1,KhakiShortsF
Tall.088,MESH,1192,623,1221,613,Tall.086,1,KhakiShortsF
Muscular.049,MESH,1484,769,1513,759,Muscular.047,1,KhakiShortsF
Obese.069,MESH,1484,769,1513,759,Obese.064,1,KhakiShortsF
Skinny.063,MESH,798,426,825,411,Skinny.061,1,KhakiShortsF
ButtOut.034,MESH,798,426,825,411,ButtOut.034,1,KhakiShortsF 1
ButtIn.034,MESH,798,426,825,411,ButtIn.034,1,KhakiShortsF 1
ButtUp.033,MESH,798,426,825,411,ButtUp.033,1,KhakiShortsF 1
ButtDown.033,MESH,798,426,825,411,ButtDown.033,1,KhakiShortsF 1
ButtWide.034,MESH,798,426,825,411,ButtWide.034,1,KhakiShortsF 1
ButtNarrow.033,MESH,798,426,825,411,ButtNarrow.033,1,KhakiShortsF 1
LoveHandlesOut.029,MESH,798,426,825,411,LoveHandlesOut.029,1,KhakiShortsF 1
LoveHandlesIn.029,MESH,798,426,825,411,LoveHandlesIn.029,1,KhakiShortsF 1
WaistThin.035,MESH,798,426,825,411,WaistThin.035,1,KhakiShortsF 1
WaistWide.034,MESH,798,426,825,411,WaistWide.034,1,KhakiShortsF 1
KhakiShortsF,MESH,798,426,825,411,KhakiShortsF,1,KhakiShortsF 1
MidsectionNarrow.033,MESH,798,426,825,411,MidsectionNarrow.033,1,KhakiShortsF 1
MidsectionWide.035,MESH,798,426,825,411,MidsectionWide.035,1,KhakiShortsF 1
ThighsThick.028,MESH,798,426,825,411,ThighsThick.028,1,KhakiShortsF 1
SK_Bottom_Bikini,MESH,636,366,684,330,SM_Bottom_Bikini,1,*SK_Bottom_Bikini
SK_Bottom_Bikini_Petite,MESH,636,366,684,330,SM_Bottom_Bikini.001,1,*SK_Bottom_Bikini
SM_Bottom_Bikini_Fat,MESH,636,366,684,320,SM_Bottom_Bikini_Fat,1,*SK_Bottom_Bikini
SM_Bottom_Bikini_Muscular,MESH,636,366,684,320,SM_Bottom_Bikini_Muscular,1,*SK_Bottom_Bikini
SM_Bottom_Bikini_Skinny,MESH,636,366,684,320,SM_Bottom_Bikini_Skinny,1,*SK_Bottom_Bikini
ChildishF.045,MESH,636,366,684,320,ChildishF.043,1,*SK_Bottom_Bikini
Tall.054,MESH,636,366,684,320,Tall.051,1,*SK_Bottom_Bikini
SM_Bottom_Bikini_ButtDown,MESH,636,366,684,320,SM_Bottom_Bikini_ButtDown,1,SK_Bottom_Bikini Shape Keys
SM_Bottom_Bikini_ButtIn,MESH,636,366,684,320,SM_Bottom_Bikini_ButtIn,1,SK_Bottom_Bikini Shape Keys
SM_Bottom_Bikini_ButtNarrow,MESH,636,366,684,320,SM_Bottom_Bikini_ButtNarrow,1,SK_Bottom_Bikini Shape Keys
SM_Bottom_Bikini_ButtOut,MESH,636,366,684,320,SM_Bottom_Bikini_ButtOut,1,SK_Bottom_Bikini Shape Keys
SM_Bottom_Bikini_ButtUp,MESH,636,366,684,320,SM_Bottom_Bikini_ButtUp,1,SK_Bottom_Bikini Shape Keys
SM_Bottom_Bikini_ButtWide,MESH,636,366,684,320,SM_Bottom_Bikini_ButtWide,1,SK_Bottom_Bikini Shape Keys
SM_Bottom_Bikini_LoveHandlesIn,MESH,636,366,684,320,SM_Bottom_Bikini_LoveHandlesIn,1,SK_Bottom_Bikini Shape Keys
SM_Bottom_Bikini_ThighsThick,MESH,636,366,684,320,SM_Bottom_Bikini_ThighsThick,1,SK_Bottom_Bikini Shape Keys
SM_Bottom_Bikini_WaistThin,MESH,636,366,684,320,SM_Bottom_Bikini_WaistThin,1,SK_Bottom_Bikini Shape Keys
SM_Bottom_Bikini_WaistWide,MESH,636,366,684,320,SM_Bottom_Bikini_WaistWide,1,SK_Bottom_Bikini Shape Keys
SM_Bottom_Bikini,MESH,636,366,684,320,SM_Bottom_Bikini.002,1,Bikini
SM_Bottom_Bikini_ButtDown.001,MESH,636,366,684,320,SM_Bottom_Bikini_ButtDown.001,1,Bikini
SM_Bottom_Bikini_ButtIn.001,MESH,636,366,684,320,SM_Bottom_Bikini_ButtIn.001,1,Bikini
SM_Bottom_Bikini_ButtNarrow.001,MESH,636,366,684,320,SM_Bottom_Bikini_ButtNarrow.001,1,Bikini
SM_Bottom_Bikini_ButtOut.001,MESH,636,366,684,320,SM_Bottom_Bikini_ButtOut.001,1,Bikini
SM_Bottom_Bikini_ButtUp.001,MESH,636,366,684,320,SM_Bottom_Bikini_ButtUp.001,1,Bikini
SM_Bottom_Bikini_ButtWide.001,MESH,636,366,684,320,SM_Bottom_Bikini_ButtWide.001,1,Bikini
SM_Bottom_Bikini_Fat.001,MESH,636,366,684,320,SM_Bottom_Bikini_Fat.001,1,Bikini
SM_Bottom_Bikini_LoveHandlesIn.001,MESH,636,366,684,320,SM_Bottom_Bikini_LoveHandlesIn.001,1,Bikini
SM_Bottom_Bikini_Muscular.001,MESH,636,366,684,320,SM_Bottom_Bikini_Muscular.001,1,Bikini
SM_Bottom_Bikini_Skinny.001,MESH,636,366,684,320,SM_Bottom_Bikini_Skinny.001,1,Bikini
SM_Bottom_Bikini_ThighsThick.001,MESH,636,366,684,320,SM_Bottom_Bikini_ThighsThick.001,1,Bikini
SM_Bottom_Bikini_WaistThin.001,MESH,636,366,684,320,SM_Bottom_Bikini_WaistThin.001,1,Bikini
SM_Bottom_Bikini_WaistWide.001,MESH,636,366,684,320,SM_Bottom_Bikini_WaistWide.001,1,Bikini
Obese.073,MESH,1389,1389,2130,740,Obese.068,1,*BoyShorts
Skinny.066,MESH,1389,1389,2130,740,Skinny.064,1,*BoyShorts
Muscular.053,MESH,1389,1389,2130,740,Muscular.051,1,*BoyShorts
BoyShorts,MESH,1389,1389,2130,740,BoyShorts,1,*BoyShorts
ChildishF.022,MESH,1389,1389,2130,740,ChildishF.020,1,BoyShorts 1
Tall.034,MESH,1389,1389,2130,740,Tall.031,1,BoyShorts 1
ButtOut.041,MESH,1389,1389,2130,740,ButtOut.042,1,BoyShorts 2
ButtIn.041,MESH,1389,1389,2130,740,ButtIn.042,1,BoyShorts 2
ButtUp.040,MESH,1389,1389,2130,740,ButtUp.041,1,BoyShorts 2
ButtDown.040,MESH,1389,1389,2130,740,ButtDown.041,1,BoyShorts 2
ButtWide.041,MESH,1389,1389,2130,740,ButtWide.042,1,BoyShorts 2
ButtNarrow.040,MESH,1389,1389,2130,740,ButtNarrow.041,1,BoyShorts 2
LoveHandlesOut.035,MESH,1389,1389,2130,740,LoveHandlesOut.036,1,BoyShorts 2
LoveHandlesIn.035,MESH,1389,1389,2130,740,LoveHandlesIn.036,1,BoyShorts 2
MidsectionWide.042,MESH,1389,1389,2130,740,MidsectionWide.043,1,BoyShorts 2
MidsectionNarrow.040,MESH,1389,1389,2130,740,MidsectionNarrow.041,1,BoyShorts 2
WaistWide.041,MESH,1389,1389,2130,740,WaistWide.042,1,BoyShorts 2
WaistThin.042,MESH,1389,1389,2130,740,WaistThin.043,1,BoyShorts 2
ThighsThick.035,MESH,1389,1389,2130,740,ThighsThick.036,1,BoyShorts 2
Boxers,MESH,6000,3000,6086,3085,Boxers,1,*Boxers
Obese.072,MESH,6000,3000,6086,3085,Obese.067,1,*Boxers
Skinny.065,MESH,6000,3000,6086,3085,Skinny.063,1,*Boxers
Muscular.052,MESH,6000,3000,6086,3085,Muscular.050,1,*Boxers
ChildishF.078,MESH,6000,3000,6086,3085,ChildishF.077,1,*Boxers
Tall.090,MESH,6000,3000,6086,3085,Tall.088,1,*Boxers
ButtOut.040,MESH,6000,3000,6086,3085,ButtOut.041,1,Boxers 1
ButtIn.040,MESH,6000,3000,6086,3085,ButtIn.041,1,Boxers 1
ButtUp.039,MESH,6000,3000,6086,3085,ButtUp.040,1,Boxers 1
ButtDown.039,MESH,6000,3000,6086,3085,ButtDown.040,1,Boxers 1
ButtWide.040,MESH,6000,3000,6086,3085,ButtWide.041,1,Boxers 1
ButtNarrow.039,MESH,6000,3000,6086,3085,ButtNarrow.040,1,Boxers 1
LoveHandlesOut.034,MESH,6000,3000,6086,3085,LoveHandlesOut.035,1,Boxers 1
LoveHandlesIn.034,MESH,6000,3000,6086,3085,LoveHandlesIn.035,1,Boxers 1
MidsectionWide.041,MESH,6000,3000,6086,3085,MidsectionWide.042,1,Boxers 1
MidsectionNarrow.039,MESH,6000,3000,6086,3085,MidsectionNarrow.040,1,Boxers 1
WaistWide.040,MESH,6000,3000,6086,3085,WaistWide.041,1,Boxers 1
WaistThin.041,MESH,6000,3000,6086,3085,WaistThin.042,1,Boxers 1
ThighsThick.034,MESH,6000,3000,6086,3085,ThighsThick.035,1,Boxers 1
Tall.035,MESH,1703,1703,2601,897,Tall.032,1,Granny
ChildishF.023,MESH,1703,1703,2601,897,ChildishF.021,1,Granny
SM_F_Footwear_CowboyBoots_Fat,MESH,1956,1006,1992,994,SM_F_Footwear_CowboyBoots_Fat,1,SM_F_Footwear_CowboyBoots
SM_F_Footwear_CowboyBoots,MESH,1956,1006,1992,994,SM_F_Footwear_CowboyBoots,1,SM_F_Footwear_CowboyBoots
CowboyBoots-ChildishF,MESH,1956,1006,1992,994,CowboyBoots-ChildishF,1,SM_F_Footwear_CowboyBoots
CowboyBoots-Tall,MESH,1956,1006,1992,994,CowboyBoots-Tall,1,SM_F_Footwear_CowboyBoots
SM_F_Footwear_Sneakers_Fat,MESH,6494,3642,6892,3252,SM_F_Footwear_Sneakers_Fat,1,SM_F_Footwear_Sneakers
SM_F_Footwear_Sneakers,MESH,6494,3642,6892,3252,SM_F_Footwear_Sneakers,1,SM_F_Footwear_Sneakers
Sneakers01-ChildishF,MESH,1952,1020,1996,1024,Sneakers01-ChildishF,1,SM_F_Footwear_Sneakers
Sneakers01-Tall,MESH,1952,1020,1996,1024,Sneakers01-Tall,1,SM_F_Footwear_Sneakers
SM_F_Footwear_Sneakers02_Fat,MESH,1952,1020,1996,1024,SM_F_Footwear_Sneakers02_Fat,1,SM_F_Footwear_Sneakers02
SM_F_Footwear_Sneakers02,MESH,1952,1020,1996,1024,SM_F_Footwear_Sneakers02,1,SM_F_Footwear_Sneakers02
Sneakers02-ChildishF,MESH,1984,1036,2028,1040,Sneakers02-ChildishF,1,SM_F_Footwear_Sneakers02
Sneakers02-Tall,MESH,1984,1036,2028,1040,Sneakers02-Tall,1,SM_F_Footwear_Sneakers02
SM_F_Footwear_WedgeBoots_Fat,MESH,4848,2640,5064,2428,SM_F_Footwear_WedgeBoots_Fat,1,SM_F_Footwear_WedgeBoots
SM_F_Footwear_WedgeBoots,MESH,4848,2640,5064,2428,SM_F_Footwear_WedgeBoots,1,SM_F_Footwear_WedgeBoots
Wedge-ChildishF,MESH,4848,2640,5064,2428,Wedge-ChildishF,1,SM_F_Footwear_WedgeBoots
Wedge-Tall,MESH,4848,2640,5064,2428,Wedge-Tall,1,SM_F_Footwear_WedgeBoots
SM_F_Footwear_TacticalBoots_Fat,MESH,2144,1144,2520,1380,SM_F_Footwear_TacticalBoots_Fat,1,SM_F_Footwear_TacticalBoots
SM_F_Footwear_TacticalBoots,MESH,2144,1144,2520,1380,SM_F_Footwear_TacticalBoots,1,SM_F_Footwear_TacticalBoots
TacticalBoots-ChildishF,MESH,2144,1144,2520,1380,TacticalBoots-ChildishF,1,SM_F_Footwear_TacticalBoots
TacticalBoots-Tall,MESH,2144,1144,2520,1380,TacticalBoots-Tall,1,SM_F_Footwear_TacticalBoots
SM_F_Footwear_HikingBoots_Fat,MESH,6628,3402,6852,3470,SM_F_Footwear_HikingBoots_Fat,1,SM_F_Footwear_HikingBoots
SM_F_Footwear_HikingBoots,MESH,6628,3402,6852,3470,SM_F_Footwear_HikingBoots,1,SM_F_Footwear_HikingBoots
HikingBoot01-ChildishF,MESH,6628,3402,6852,3470,HikingBoot01-ChildishF,1,SM_F_Footwear_HikingBoots
HikingBoot01-Tall,MESH,6628,3402,6852,3470,HikingBoot01-Tall,1,SM_F_Footwear_HikingBoots
SM_F_Footwear_RiderBoot,MESH,2204,1132,2258,1130,SM_F_Footwear_RiderBoot,1,SM_F_Footwear_RiderBoot
Obese.034,MESH,2204,1132,2258,1130,SM_F_Footwear_RiderBoot_Fat,1,SM_F_Footwear_RiderBoot
ChildishF.015,MESH,2204,1132,2258,1130,RidingBoots-ChildishF,1,SM_F_Footwear_RiderBoot
Tall.024,MESH,2204,1132,2258,1130,Tall.021,1,SM_F_Footwear_RiderBoot
Obese.035,MESH,1880,968,1908,944,SM_F_Footwear_Flats_Fat,1,SM_F_Footwear_Flats
SM_F_Footwear_Flats,MESH,1880,968,1908,944,SM_F_Footwear_Flats,1,SM_F_Footwear_Flats
Flats-ChildishF.001,MESH,1880,968,1908,944,Flats-ChildishF.001,1,SM_F_Footwear_Flats
Flats-Tall,MESH,1880,968,1908,944,Flats-Tall.001,1,SM_F_Footwear_Flats
SM_F_Footwear_FlipFlops_Flat,MESH,680,340,680,352,SM_F_Footwear_FlipFlops_Flat,1,SM_F_Footwear_FlipFlops
SM_F_Footwear_FlipFlops,MESH,680,340,680,352,SM_F_Footwear_FlipFlops,1,SM_F_Footwear_FlipFlops
ChildishF.016,MESH,680,340,680,352,ChildishF.014,1,SM_F_Footwear_FlipFlops
Obese.036,MESH,680,340,680,352,Obese.033,1,SM_F_Footwear_FlipFlops
SM_F_Footwear_KneeHighBoots,MESH,2128,1084,2148,1068,SM_F_Footwear_KneeHighBoots,1,SM_F_Footwear_KneeHighBoots
SM_F_Footwear_KneeHighBoots_Fat,MESH,2128,1084,2148,1068,SM_F_Footwear_KneeHighBoots_Fat,1,SM_F_Footwear_KneeHighBoots
KneeLengthBoots-ChildishF,MESH,2128,1084,2148,1068,KneeLengthBoots-ChildishF.001,1,SM_F_Footwear_KneeHighBoots
KneeLengthBoots-Tall,MESH,2128,1084,2148,1068,KneeLengthBoots-Tall.001,1,SM_F_Footwear_KneeHighBoots
HikingBoot02-ChildishF,MESH,6494,3642,6892,3252,HikingBoot02-ChildishF,1,HikingShoes01
SK_F_Footwear_HikingShoe01,MESH,6494,3642,6892,3252,SK_F_Footwear_HikingShoe01,1,HikingShoes01
Obese.037,MESH,6494,3642,6892,3252,Obese.034,1,HikingShoes01
Tall.025,MESH,6494,3642,6892,3252,Tall.022,1,HikingShoes01
ShortBoots-ChildishF,MESH,5732,2978,5884,2918,ShortBoots-ChildishF,1,ShortBoots
Obeses,MESH,5732,2978,5884,2918,Obeses,1,ShortBoots
ShortBoots-ChildishF.001,MESH,5732,2978,5884,2918,ShortBoots-ChildishF.001,1,ShortBoots
Tall.026,MESH,5732,2978,5884,2918,Tall.023,1,ShortBoots
Oxford-ChildishF,MESH,4520,2374,4741,2375,Oxford-ChildishF,1,Oxford
Tall.021,MESH,4520,2374,4741,2375,Oxford-Tall,1,Oxford
Obese.038,MESH,4520,2374,4741,2375,Obese.035,1,Oxford
Oxford-ChildishF.001,MESH,4520,2374,4741,2375,Oxford-ChildishF.001,1,Oxford
Flats-ChildishF,MESH,1880,968,1908,944,Flats-ChildishF,1,Flats
Tall.022,MESH,1880,968,1908,944,Flats-Tall,1,Flats
Flats-Tall.001,MESH,1880,968,1908,944,Flats-Tall.002,1,Flats
Obese.039,MESH,1880,968,1908,944,Obese.036,1,Flats
ChildishF.014,MESH,2128,1084,2148,1068,KneeLengthBoots-ChildishF,1,Knee Length Boot
Tall.023,MESH,2128,1084,2148,1068,KneeLengthBoots-Tall,1,Knee Length Boot
KneeLengthBoots-Tall.001,MESH,2128,1084,2148,1068,KneeLengthBoots-Tall.002,1,Knee Length Boot
Obese.040,MESH,2128,1084,2148,1068,Obese.037,1,Knee Length Boot
Boots-ChildishF.001,MESH,6628,3402,6852,3470,Boots-ChildishF.001,1,Boots01
Boots01,MESH,6628,3402,6852,3470,Boots01,1,Boots01
Obese.041,MESH,6628,3402,6852,3470,Obese.038,1,Boots01
Tall.027,MESH,6628,3402,6852,3470,Tall.024,1,Boots01
TricepsLarge.007,MESH,52952,26316,53120,26828,TricepsLarge.006,1,ElbowPads01
Tall.033,MESH,52952,26316,53120,26828,Tall.030,1,ElbowPads01
Skinny.037,MESH,52952,26316,53120,26828,Skinny.037,1,ElbowPads01
SK_Elbow_ElbowPad01,MESH,52952,26316,53120,26828,SK_Elbow_ElbowPad01,1,ElbowPads01
Obese.047,MESH,52952,26316,53120,26828,Obese.044,1,ElbowPads01
ForearmsLarge.004,MESH,52952,26316,53120,26828,ForearmsLarge.003,1,ElbowPads01
ChildishF.021,MESH,52952,26316,53120,26828,ChildishF.019,1,ElbowPads01
BicepsLarge.006,MESH,52952,26316,53120,26828,BicepsLarge.005,1,ElbowPads01
Muscular.024,MESH,52952,26316,53120,26828,Muscular.024,1,ElbowPads01
ThighsThick.017,MESH,52952,26316,53120,26828,ThighsThick.017,1,KneePads01
Tall.032,MESH,52952,26316,53120,26828,Tall.029,1,KneePads01
Skinny.036,MESH,52952,26316,53120,26828,Skinny.036,1,KneePads01
SK_Knee_KneePads01,MESH,52952,26316,53120,26828,SK_Knee_KneePads01,1,KneePads01
Obese.046,MESH,52952,26316,53120,26828,Obese.043,1,KneePads01
ChildishF.020,MESH,52952,26316,53120,26828,ChildishF.018,1,KneePads01
Muscular.025,MESH,52952,26316,53120,26828,Muscular.025,1,KneePads01
Wristwear_Watch.001,MESH,6408,3218,6513,3306,Plane.005,1,LeftWrist
Wristwear_PDA.001,MESH,8984,4492,9320,4836,Cylinder.002,1,LeftWrist
SmartWatch,MESH,1048,1048,1723,690,meshId1_name.002,1,LeftWrist
Tall.031,MESH,21901,21901,32972,11068,Tall.028,1,*Garter
Obese.045,MESH,21901,21901,32972,11068,Obese.042,1,*Garter
Garter,MESH,21901,21901,32972,11068,Garter,1,*Garter
ChildishF.024,MESH,21901,21901,32972,11068,ChildishF.022,1,*Garter
Tall.036,MESH,21901,21901,32972,11068,Tall.033,1,*Garter
Skinny.043,MESH,21901,21901,32972,11068,Skinny.043,1,*Garter
Muscular.047,MESH,21901,21901,32972,11068,Muscular.045,1,*Garter
ButtDown.017,MESH,21901,21901,32972,11068,ButtDown.017,1,Garter 1
ButtIn.018,MESH,21901,21901,32972,11068,ButtIn.018,1,Garter 1
ButtNarrow.018,MESH,21901,21901,32972,11068,ButtNarrow.018,1,Garter 1
ButtOut.018,MESH,21901,21901,32972,11068,ButtOut.018,1,Garter 1
ButtUp.018,MESH,21901,21901,32972,11068,ButtUp.018,1,Garter 1
ButtWide.018,MESH,21901,21901,32972,11068,ButtWide.018,1,Garter 1
MidsectionNarrow.018,MESH,21901,21901,32972,11068,MidsectionNarrow.018,1,Garter 1
MidsectionWide.019,MESH,21901,21901,32972,11068,MidsectionWide.019,1,Garter 1
ThickThighs,MESH,21901,21901,32972,11068,ThickThighs,1,Garter 1
WaistThin.018,MESH,21901,21901,32972,11068,WaistThin.018,1,Garter 1
WaistWide.017,MESH,21901,21901,32972,11068,WaistWide.017,1,Garter 1
Tall.030,MESH,18428,18428,27670,9244,Tall.027,1,Stockings.001
Stockings,MESH,18428,18428,27670,9244,Stockings,1,Stockings.001
Obese.044,MESH,18428,18428,27670,9244,Obese.041,1,Stockings.001
ChildishF.019,MESH,18428,18428,27670,9244,ChildishF.017,1,Stockings.001
Skinny.044,MESH,18428,18428,27670,9244,Skinny.044,1,Stockings.001
Stockings02,MESH,18428,18428,27670,9244,Stockings02,1,Stockings.001
Muscular.046,MESH,18428,18428,27670,9244,Muscular.044,1,Stockings.001
ButtDown.031,MESH,18428,18428,27670,9244,ButtDown.031,1,Stockings.002
ButtIn.032,MESH,18428,18428,27670,9244,ButtIn.032,1,Stockings.002
ButtNarrow.031,MESH,18428,18428,27670,9244,ButtNarrow.031,1,Stockings.002
ButtOut.032,MESH,18428,18428,27670,9244,ButtOut.032,1,Stockings.002
ButtUp.031,MESH,18428,18428,27670,9244,ButtUp.031,1,Stockings.002
ButtWide.032,MESH,18428,18428,27670,9244,ButtWide.032,1,Stockings.002
ThighsThick.026,MESH,18428,18428,27670,9244,ThighsThick.026,1,Stockings.002
WaistThin.033,MESH,18428,18428,27670,9244,WaistThin.033,1,Stockings.002
WaistWide.032,MESH,18428,18428,27670,9244,WaistWide.032,1,Stockings.002
ChildishF.018,MESH,5668,5668,8520,2854,ChildishF.016,1,*Socks
Obese.043,MESH,5668,5668,8520,2854,Obese.040,1,*Socks
Socks_Short,MESH,5668,5668,8520,2854,Socks_Short,1,*Socks
Tall.029,MESH,5668,5668,8520,2854,Tall.026,1,*Socks
Old.039,MESH,432,220,436,216,Old.038,1,Collar01
Tall.096,MESH,432,220,436,216,Tall.093,1,Collar01
ChildishF.085,MESH,432,220,436,216,ChildishF.083,1,Collar01
Muscular.056,MESH,432,220,436,216,Muscular.054,1,Collar01
Skinny.069,MESH,432,220,436,216,Skinny.067,1,Collar01
Choker01,MESH,432,220,436,216,Choker01,1,Collar01
Obese.076,MESH,432,220,436,216,Obese.071,1,Collar01
NeckObese.033,MESH,432,220,436,216,NeckObese.033,1,Collar01 1
NeckThick.033,MESH,432,220,436,216,NeckThick.033,1,Collar01 1
TrapsLarge.027,MESH,432,220,436,216,TrapsLarge.027,1,Collar01 1
Area,LIGHT,0,0,0,0,Area.005,1,Lights
Area.001,LIGHT,0,0,0,0,Area.001,1,Lights
Area.002,LIGHT,0,0,0,0,Area,1,Lights
Point,LIGHT,0,0,0,0,Point,1,Lights
